game_modes,release_dates,id,involved_companies,platforms
"[Single player, Multiplayer]","[Nov 18, 2014, Nov 18, 2014, Sep 17, 2013, Sep 17, 2013, Apr 14, 2015, Mar 15, 2022, Mar 15, 2022]",71012e52-2040-482a-9502-0571416f8493,"[Rockstar North, Rockstar Games, Take-Two Interactive]","[PC (Microsoft Windows), PlayStation 3, Xbox 360, PlayStation 4, Xbox One, PlayStation 5, Xbox Series X|S]"
[Single player],"[May 19, 2015, May 19, 2015, May 19, 2015, Jan 28, 2021]",1ea8dd9a-6f39-4dc8-8c0e-58c814b2cf95,"[WB Games, Bandai Namco Entertainment, cdp.pl, Spike ChunSoft, CD Projekt RED, D3T Limited]","[PC (Microsoft Windows), PlayStation 4, Xbox One, Nintendo Switch]"
[Single player],"[Nov 11, 2011, Nov 11, 2011, Nov 11, 2011, Dec 08, 2011, Dec 08, 2011, Dec 08, 2011, Nov 11, 2011, Nov 11, 2011, Nov 10, 2011]",0edb9426-44cd-48b8-9ed9-8e8c21e1c8e0,"[Bethesda Game Studios, Bethesda Softworks]","[PC (Microsoft Windows), PlayStation 3, Xbox 360]"
"[Single player, Co-operative]","[Oct 26, 2004, Nov 12, 2010, Jun 07, 2005, Jun 07, 2005, Mar 21, 2014, Dec 05, 2015, Dec 12, 2013, Nov 10, 2010, Nov 10, 2010, Sep 01, 2011]",8eec0e2a-3c35-4541-84ff-8789c4473e48,"[Rockstar Games, Rockstar North, Take-Two Interactive]","[PC (Microsoft Windows), PlayStation 2, PlayStation 3, Xbox, Xbox 360, Mac, Android, iOS, PlayStation 4]"
"[Single player, Multiplayer]","[Dec 10, 2020, Dec 10, 2020, Dec 10, 2020, Dec 10, 2020, Dec 09, 2020, Q1 2022, Q1 2022]",969266c4-a91c-480e-9987-20d7ac1a79bd,"[QLOC, Digital Scapes Studios, CD Projekt Red Wrocław, CD Projekt RED]","[PC (Microsoft Windows), PlayStation 4, Xbox One, PlayStation 5, Xbox Series X|S, Google Stadia]"
"[Single player, Multiplayer, Co-operative, Split screen]","[Apr 19, 2011, Apr 21, 2011, Apr 19, 2011, Apr 19, 2011, Apr 19, 2011, Feb 26, 2014, Apr 21, 2011, Apr 21, 2011]",19122187-653c-4013-bb94-64b56c7f0107,"[Valve Corporation, Electronic Arts]","[Linux, PC (Microsoft Windows), PlayStation 3, Xbox 360, Mac]"
[Single player],"[Nov 16, 2004, Dec 02, 2005, Nov 18, 2005, Oct 19, 2007, Oct 25, 2007, May 22, 2008, Dec 14, 2007, Dec 20, 2007, May 09, 2013, May 26, 2010, Nov 16, 2004, Nov 15, 2005, Oct 10, 2007, Dec 11, 2007, Dec 11, 2007, Oct 09, 2007, May 12, 2014]",2b29a124-575c-4a63-ad04-d211d46ecd5e,"[Sierra Entertainment, Valve Corporation, NVIDIA Lightspeed Studios]","[Linux, PC (Microsoft Windows), PlayStation 3, Xbox, Xbox 360, Mac, Android]"
[Single player],"[Oct 10, 2007, Oct 10, 2007, Dec 11, 2007, May 12, 2010, May 02, 2013, Oct 18, 2007, Oct 25, 2007, Oct 25, 2007, Oct 18, 2007, Nov 23, 2007, Nov 22, 2007, May 12, 2014]",355ff574-6edb-4396-be21-a5644efa733f,"[Valve Corporation, EA]","[Linux, PC (Microsoft Windows), PlayStation 3, Xbox 360, Mac, Android]"
"[Single player, Multiplayer]","[Jun 14, 2013, Jun 14, 2013]",75ef91e4-9c0d-4605-bdce-119a5348d435,"[Naughty Dog, Sony Computer Entertainment, Inc. (SCEI)]",[PlayStation 3]
[Single player],"[Jan 26, 2010, Jan 26, 2010, Jan 28, 2010, Jan 28, 2010, Jan 29, 2010, Jan 29, 2010, Jan 27, 2011, Jan 21, 2011, Jan 18, 2011]",5ea8701f-d2d5-4a50-badc-346ecb9f844d,"[BioWare, Electronic Arts, BioWare Edmonton, BioWare Montreal]","[PC (Microsoft Windows), PlayStation 3, Xbox 360]"
"[Single player, Multiplayer]","[Nov 27, 1998, Feb 14, 2013, Nov 11, 2001, Nov 30, 2001, Feb 14, 2013]",be0fd29a-6980-44a4-9881-9bbafd0f179c,"[Sierra Entertainment, Gearbox Software, Valve Corporation]","[Linux, PC (Microsoft Windows), PlayStation 2, Mac]"
[Single player],"[Dec 03, 2009, Nov 19, 2009, Nov 17, 2009, Oct 21, 2011, Nov 17, 2009, Sep 2010, Mar 09, 2010]",06180a4e-2ce8-48af-b43c-02f0eb798818,"[Ubisoft Montreal, Ubisoft Entertainment]","[PC (Microsoft Windows), PlayStation 3, Xbox 360, Mac, iOS]"
[Single player],"[Oct 31, 2003, May 01, 2003, Aug 25, 2011, Dec 12, 2012, Dec 05, 2015, Oct 27, 2002, Aug 25, 2011, Dec 06, 2012]",ab51596c-659a-46a4-9bdb-554ba5d9816f,"[Rockstar Games, Take-Two Interactive, Rockstar North, Rockstar Vienna]","[PC (Microsoft Windows), PlayStation 2, Xbox, Mac, Android, iOS, PlayStation 4]"
"[Single player, Multiplayer, Co-operative]","[Oct 26, 2018, Oct 26, 2018, Oct 26, 2018, Oct 26, 2018, Oct 26, 2018, Oct 26, 2018, Nov 05, 2019, Nov 19, 2019]",c038fd93-2597-400a-9334-1ef89f400f17,"[Take-Two Interactive, Rockstar Games]","[PC (Microsoft Windows), PlayStation 4, Xbox One, Google Stadia]"
[Single player],"[Oct 07, 2009, Oct 21, 2008, Oct 17, 2008, Dec 25, 2008, Aug 27, 2014, Aug 21, 2007, Aug 24, 2007, Aug 21, 2007, Aug 24, 2007]",0bb4ab10-c0a2-4873-aaa5-0ae4bdc16a5d,"[Digital Extremes, 2K Games, Feral Interactive, 2K Marin, 2K China, 2K Boston, Demiurge Studios, 2K Australia]","[PC (Microsoft Windows), PlayStation 3, Xbox 360, Mac, iOS]"
[Single player],"[Nov 20, 2007, Dec 04, 2012, May 28, 2008, Dec 07, 2012, Dec 04, 2012]",f67b2f3f-17b8-4a74-a4cc-283131ff62da,"[BioWare, Microsoft Game Studios, Electronic Arts, Demiurge Studios, Edge of Reality, BioWare Edmonton]","[PC (Microsoft Windows), PlayStation 3, Xbox 360]"
[Single player],"[Mar 03, 2017, Mar 03, 2017]",363f636e-f5f1-4117-9cf8-cb9aa7e165b8,[Nintendo],"[Wii U, Nintendo Switch]"
[Single player],"[Aug 25, 2009, Sep 15, 2009, Aug 28, 2009, Sep 03, 2009, Sep 03, 2009, Sep 18, 2009, Sep 18, 2009, Jan 14, 2010, Aug 31, 2009, Aug 25, 2009, Aug 28, 2009, Jan 14, 2010, May 28, 2014]",c2c875dc-4dc2-4aa8-9fd8-2065a66211b7,"[Eidos Interactive, Playcast-media, Rocksteady Studios, Warner Bros. Interactive Entertainment]","[PC (Microsoft Windows), PlayStation 3, Xbox 360, Ouya]"
"[Single player, Multiplayer, Co-operative]","[Nov 28, 2012, Nov 28, 2012, Nov 28, 2012, Dec 04, 2012, Nov 30, 2012]",04548dde-d5a2-4f1e-96c0-e5954453235a,"[Ubisoft Entertainment, Ubisoft Montreal, Massive Entertainment - A Ubisoft Studio, Ubisoft Shanghai]","[PC (Microsoft Windows), PlayStation 3, Xbox 360]"
[Single player],"[Mar 25, 2013, Feb 26, 2013, Feb 26, 2013, Aug 29, 2013, Mar 17, 2015, Apr 25, 2013, Apr 25, 2013, Jun 28, 2013, Jun 01, 2013, Mar 26, 2013, Mar 26, 2013, Sep 13, 2016, Sep 13, 2016, Sep 15, 2016, Sep 15, 2016, May 29, 2020]",9527d98f-58ac-4a37-aa33-6096b83c437b,"[Irrational Games, 2K Games, Virtual Programming, Human Head Studios]","[Linux, PC (Microsoft Windows), PlayStation 3, Xbox 360, Mac, PlayStation 4, Xbox One, Nintendo Switch]"
"[Single player, Multiplayer]","[Mar 05, 2013, Mar 05, 2013, Mar 05, 2013, Apr 25, 2013, Apr 25, 2013, Mar 06, 2013, Jan 23, 2014, Apr 27, 2016, Mar 04, 2013, Mar 04, 2013, Mar 04, 2013]",7809a411-7907-4b9e-97a9-8ee7be50753f,"[Square Enix, Crystal Dynamics, Feral Interactive, Nixxes Software]","[Linux, PC (Microsoft Windows), PlayStation 3, Xbox 360, Mac]"
"[Single player, Multiplayer, Co-operative, Split screen, Massively Multiplayer Online (MMO)]","[Nov 18, 2011, Nov 18, 2011, Nov 18, 2011]",79aec48c-bd59-44bd-94e7-b43070e57f03,[Mojang Studios],"[Linux, PC (Microsoft Windows), Mac]"
[Single player],"[Mar 02, 2017, Mar 01, 2017, Feb 28, 2017]",6cfdd49a-1948-44d2-a03c-91cec75ef5be,"[Guerrilla Games, Sony Interactive Entertainment]",[PlayStation 4]
"[Single player, Multiplayer]","[May 10, 2016]",3d967674-7686-41e8-b27b-e254f7934291,"[Naughty Dog, Sony Interactive Entertainment]",[PlayStation 4]
[Single player],"[Feb 26, 2007, Feb 23, 2007, Feb 27, 2007, Jul 02, 2015, Jul 02, 2015, Nov 21, 1998, Nov 23, 1998, Dec 11, 1998, Dec 18, 1998]",24efd2f9-7ce1-4de9-9d6a-db1370997b26,"[Nintendo EAD, Nintendo]","[Nintendo 64, Wii, Wii U]"
[Single player],"[Nov 22, 2011, Oct 18, 2011, Oct 19, 2011, Oct 19, 2011, Oct 21, 2011, Nov 25, 2011, Nov 23, 2011, Nov 23, 2011, Oct 18, 2011, Oct 18, 2011, Oct 21, 2011, Nov 23, 2011, Nov 22, 2011, Nov 23, 2011, Nov 25, 2011]",5eafec2c-7107-4188-82d2-cfe00ac6069c,"[Rocksteady Studios, WB Games, DC Entertainment]","[PC (Microsoft Windows), PlayStation 3, Xbox 360, OnLive Game System]"
"[Single player, Multiplayer]","[May 18, 2010, May 21, 2010, May 21, 2010, May 18, 2010, Oct 07, 2010]",0e78aad7-2d2c-48a5-a1bc-87d2729b299f,"[Rockstar Games, Rockstar North, Rockstar San Diego, Take-Two Interactive]","[PlayStation 3, Xbox 360]"
"[Single player, Multiplayer]","[Mar 06, 2012, Mar 06, 2012, Mar 09, 2012, Mar 06, 2012, Nov 18, 2012, Nov 30, 2012]",0a3c6893-faf6-4f40-91dc-ee3cdcd8fe51,"[BioWare Edmonton, Electronic Arts, BioWare]","[PC (Microsoft Windows), PlayStation 3, Xbox 360, Wii U]"
[Single player],"[Jun 19, 2020]",c0fe5eab-7881-4e30-b801-a03291384e29,"[Naughty Dog, Sony Interactive Entertainment]",[PlayStation 4]
"[Single player, Multiplayer, Co-operative]","[Oct 13, 2009, Oct 16, 2009, Oct 15, 2009, Oct 15, 2009]",afbb5295-6cf4-4ba0-992d-56d8ca9deb77,"[Naughty Dog, Sony Computer Entertainment, Inc. (SCEI)]",[PlayStation 3]
"[Single player, Multiplayer]","[Aug 23, 1991, Apr 11, 1992, Jul 01, 1992, Dec 02, 2006, Feb 05, 2007, Feb 09, 2007, Feb 09, 2007, Apr 26, 2013, Apr 27, 2013, Apr 27, 2013, Apr 28, 2013, Mar 03, 2016, Mar 03, 2016, Mar 04, 2016, Mar 04, 2016, Nov 21, 1990, TBD]",5cb047df-4154-4c08-9f95-619579e4f4db,"[Nintendo, Nintendo]","[Wii, Super Nintendo Entertainment System (SNES), Wii U, Super Famicom, New Nintendo 3DS]"
[Single player],"[Oct 28, 2008, Oct 28, 2008, Oct 28, 2008, Oct 31, 2008, Jan 15, 2009, Oct 28, 2008]",fc8f503b-21ee-4dd2-a304-0e7551b9604d,"[Bethesda Game Studios, Bethesda Softworks]","[PC (Microsoft Windows), PlayStation 3, Xbox 360]"
[Single player],"[Oct 19, 2010, Oct 19, 2010, Oct 22, 2010, Oct 22, 2010, Nov 04, 2010, Nov 04, 2010, Nov 04, 2010, Oct 19, 2010, Oct 22, 2010, Nov 04, 2010]",c9ab4566-ffef-496e-ae06-5301f4ac7722,"[Obsidian Entertainment, Bandai Namco Entertainment, 1C/Cenega, Bethesda Softworks]","[PC (Microsoft Windows), PlayStation 3, Xbox 360]"
"[Single player, Multiplayer, Co-operative]","[Nov 15, 2016, Nov 15, 2016, Nov 29, 2016, Nov 15, 2016, Nov 15, 2016, Nov 15, 2016, Dec 09, 2020, Nov 28, 2016]",e5b4e9e0-e15a-4ac4-aa05-089b214dc843,"[Ubisoft Montreal, Ubisoft Entertainment]","[PC (Microsoft Windows), PlayStation 4, Xbox One, Google Stadia]"
[Single player],"[Jan 30, 2015, Jan 30, 2015, Jan 30, 2015, Jan 30, 2015, Jan 30, 2015, Jan 30, 2015, Jun 16, 2016, Jul 21, 2016, Jan 30, 2015, Jun 15, 2016, Dec 14, 2017, Jul 18, 2018, Jan 29, 2015, Jan 29, 2015, Jan 29, 2015]",fa1f3a47-a670-4e8f-aef7-06a171fd583b,"[Dontnod Entertainment, Square Enix, Feral Interactive]","[Linux, PC (Microsoft Windows), PlayStation 3, Xbox 360, Mac, Android, iOS, PlayStation 4, Xbox One]"
[Single player],"[Apr 27, 2012, Apr 24, 2012, Apr 25, 2012, Oct 14, 2014, Jul 26, 2012, Apr 24, 2012, Apr 24, 2012, Aug 22, 2013, Oct 31, 2014, Oct 31, 2014, Oct 14, 2014, Aug 28, 2018, Apr 08, 2014]",86a45ae2-c00b-4aa4-ac6f-7f720b6d1f78,"[Sony Computer Entertainment, Inc. (SCEI), Telltale Games]","[PC (Microsoft Windows), PlayStation 3, Xbox 360, Mac, Android, iOS, PlayStation Vita, PlayStation 4, Xbox One, Nintendo Switch]"
[Single player],"[Apr 20, 2018, Jan 14, 2022]",dae2a01a-0ac8-48ec-b383-56c037ba0740,"[Sony Interactive Entertainment, SIE Santa Monica Studio, Jetpack Interactive]","[PC (Microsoft Windows), PlayStation 4]"
[Single player],"[Nov 10, 2015, Nov 10, 2015, Nov 10, 2015]",9012429a-70ef-4394-9b47-dec1bf1f0369,"[Bethesda Game Studios, Bethesda Softworks]","[PC (Microsoft Windows), PlayStation 4, Xbox One]"
[Single player],"[Jul 23, 2001, Jul 27, 2001, May 22, 2003, Dec 12, 2001, Mar 14, 2002, Jul 16, 2002, Apr 12, 2012, Jun 14, 2012, Apr 22, 2016, Apr 27, 2009, Jan 11, 2002, Dec 06, 2001, Apr 22, 2016, Apr 22, 2016]",9b534892-3ded-4784-8f30-295d6fd6aac9,"[Gathering of Developers, MacSoft Games, Rockstar Toronto, 3D Realms, neo Software, War Drum Studios, Westlake Interactive, Feral Interactive, Rockstar Games, Remedy Entertainment, Take-Two Interactive]","[PC (Microsoft Windows), PlayStation 2, PlayStation 3, Xbox, Xbox 360, Mac, Android, iOS, PlayStation 4]"
[Single player],"[Jun 23, 1996, Mar 01, 1997, Nov 19, 2006, Dec 08, 2006, Apr 01, 2015, Sep 29, 1996, Apr 01, 2015, Mar 01, 1997, Dec 07, 2006, Apr 02, 2015]",79049f7c-a57b-4b22-97b6-0297d3ac37fa,"[Nintendo, Nintendo EAD]","[Nintendo 64, Wii, Wii U]"
"[Single player, Multiplayer]","[Nov 16, 2010, Mar 20, 2011, Nov 18, 2010, Mar 17, 2011, Dec 09, 2010, Jun 03, 2011, Nov 18, 2010, Nov 18, 2010, Mar 17, 2011, Nov 16, 2010, Nov 19, 2010, Dec 09, 2010]",59d3b148-bb91-4158-9a7f-df79e2ee3cfe,"[Ubisoft Entertainment, Ubisoft Montreal, Ubisoft Annecy, (Archive) Ubisoft Quebec, Ubisoft Bucharest, Ubisoft Singapore]","[PC (Microsoft Windows), PlayStation 3, Xbox 360]"
[Single player],"[Mar 20, 2006, Mar 20, 2006, Mar 24, 2006, Mar 24, 2006, Mar 23, 2006, Mar 23, 2006, Apr 26, 2007, Mar 31, 2006, Jul 26, 2007, Apr 27, 2007, Sep 27, 2007, Mar 20, 2007]",9892e3bb-bce0-4d87-bccb-9dd883427ea9,"[Bethesda Game Studios, 4J Studios, 2K Games, Spike, Bethesda Softworks]","[PC (Microsoft Windows), PlayStation 3, Xbox 360]"
"[Single player, Multiplayer]","[Jul 29, 2014, Aug 01, 2014, Jul 30, 2014, Jul 30, 2014]",621905b5-93d4-423e-b51c-294b1ff8d090,"[Naughty Dog, Sony Computer Entertainment, Inc. (SCEI)]",[PlayStation 4]
"[Single player, Multiplayer, Co-operative, Split screen]","[Sep 18, 2012, Sep 18, 2012, Oct 25, 2012, Oct 25, 2012, Oct 25, 2012, May 13, 2014, Sep 20, 2012, Sep 21, 2012, Sep 20, 2012, Sep 21, 2012, Sep 21, 2012, Sep 20, 2012, Sep 21, 2012, Sep 30, 2014, May 28, 2014, Dec 04, 2014, Sep 18, 2012, Sep 21, 2012, May 28, 2014, Dec 19, 2012, Jul 20, 2016, Mar 27, 2015]",531e94b1-517b-4171-bbc2-60b81ea39372,"[Gearbox Software, 2K Games, Iron Galaxy Studios, Aspyr Media, Sony Computer Entertainment of America]","[Linux, PC (Microsoft Windows), PlayStation 3, Xbox 360, Mac, Android, PlayStation Vita, PlayStation 4]"
"[Single player, Multiplayer, Co-operative, Split screen]","[Nov 05, 2007, Nov 05, 2007, Nov 05, 2007, Sep 26, 2008, Jan 28, 2011, Nov 07, 2007, Nov 07, 2007, Nov 07, 2007, Nov 09, 2007, Nov 09, 2007, Nov 09, 2007]",1589139d-e293-4537-b270-3bdf672bebb3,"[Activision, Infinity Ward, n-Space, Treyarch]","[PC (Microsoft Windows), PlayStation 3, Xbox 360, Mac]"
"[Single player, Multiplayer]","[Oct 23, 1988, Feb 12, 1990, Aug 29, 1991, Aug 29, 1991, Nov 05, 2007, Nov 09, 2007, Nov 09, 2007, Jan 01, 2013, Dec 26, 2013, Dec 26, 2013, Apr 17, 2014, Apr 16, 2014]",100132e9-059e-43fa-8e12-1ef4b3e3c60a,"[Nintendo, Nintendo EAD]","[Wii, Nintendo Entertainment System (NES), Nintendo 3DS, Wii U]"
"[Single player, Multiplayer]","[Dec 02, 2008, Apr 29, 2008, Apr 29, 2008, Apr 29, 2008, Apr 29, 2008, Oct 30, 2008]",3fbcb6ed-8d01-484c-aaae-aebbb99f19d7,"[Rockstar North, Rockstar Toronto, Rockstar Games, Take-Two Interactive]","[PC (Microsoft Windows), PlayStation 3, Xbox 360]"
"[Single player, Multiplayer, Co-operative, Massively Multiplayer Online (MMO)]","[Sep 06, 2017, Sep 06, 2017, Sep 06, 2017, Sep 06, 2017, Sep 06, 2017, Oct 24, 2017, Dec 08, 2020, Dec 08, 2020, Nov 19, 2019]",3952815c-37ff-404e-8cd8-0df92616f125,"[Activision, Bungie, Vicarious Visions, High Moon Studios]","[PC (Microsoft Windows), PlayStation 4, Xbox One, PlayStation 5, Xbox Series X|S, Google Stadia]"
[Single player],"[Nov 21, 1991, Apr 13, 1992, Sep 24, 1992, Jan 22, 2007, Mar 23, 2007, Dec 02, 2006, Dec 12, 2013, Jan 30, 2014, Feb 12, 2014, Mar 10, 2016, Mar 02, 1997, Apr 14, 2016, TBD]",a9b7a786-46f7-40b8-9382-3888e0644756,"[St. GIGA, Nintendo, Nintendo EAD, Nintendo]","[Wii, Super Nintendo Entertainment System (SNES), Wii U, Super Famicom, New Nintendo 3DS, Satellaview]"
"[Single player, Multiplayer, Co-operative]","[Nov 03, 2017, Nov 03, 2017, Nov 03, 2017, Nov 03, 2017, Nov 03, 2017, Nov 03, 2017, Nov 02, 2017]",356555d8-1380-4625-8c7c-28ea7bb8efb2,"[Sledgehammer Games, Activision, Raven Software]","[PC (Microsoft Windows), PlayStation 4, Xbox One]"
[Multiplayer],"[May 24, 2016, May 24, 2016, May 24, 2016, May 24, 2016, May 24, 2016, Oct 15, 2019]",74805e65-ead1-4e1f-90fe-af17aab0d45e,"[Blizzard Entertainment, Square Enix]","[PC (Microsoft Windows), PlayStation 4, Xbox One, Nintendo Switch]"
"[Single player, Multiplayer, Co-operative]","[Nov 22, 2013, Oct 29, 2013, Oct 29, 2013, Nov 15, 2013, Oct 29, 2013, Nov 19, 2013, Nov 29, 2013, Nov 21, 2013, Nov 21, 2013, Nov 22, 2013, Nov 22, 2013, Nov 29, 2013, Nov 22, 2013, Sep 14, 2021]",cf6c5df1-7e0a-45c7-a17b-6f891eb73586,"[Ubisoft, Ubisoft Montreal, Ubisoft Québec, Ubisoft Montpellier, Ubisoft Kyiv, Ubisoft Sofia, Ubisoft Singapore, Ubisoft Annecy, Ubisoft Entertainment, Ubisoft Bucharest, Ubisoft Massive, Ubisoft Chengdu, Ubisoft Milan, Ubisoft Shanghai, Ubisoft Pune, Ubisoft North America]","[PC (Microsoft Windows), PlayStation 3, Xbox 360, Wii U, PlayStation 4, Xbox One, Google Stadia]"
[Single player],"[Nov 03, 2009, Dec 21, 2009, Nov 03, 2009, Nov 05, 2009, Nov 05, 2009, Nov 06, 2009, Nov 06, 2009, Jan 27, 2011, Jan 27, 2011, Nov 19, 2014, Nov 03, 2009, Nov 20, 2009, Jan 27, 2011]",d9e4f256-ada8-49e5-b97c-b3c8378afba9,"[Electronic Arts, BioWare, Edge of Reality]","[PC (Microsoft Windows), PlayStation 3, Xbox 360, Mac]"
[Single player],"[Jun 23, 2015, Jun 23, 2015, Jun 23, 2015]",996fbf99-dadc-4d6f-9515-3e35640b005a,"[Rocksteady Studios, Warner Bros. Interactive Entertainment, Iron Galaxy Studios]","[PC (Microsoft Windows), PlayStation 4, Xbox One]"
[Single player],"[May 17, 2011, Apr 17, 2012, Apr 17, 2012, Apr 18, 2012, Aug 23, 2012, Oct 18, 2012, May 22, 2014]",056a54ad-4d2e-4cd6-bc7c-1217c1c4384d,"[Atari, cdp.pl, Bandai Namco Entertainment, CyberFront, Spike ChunSoft, CD Projekt RED]","[Linux, PC (Microsoft Windows), Xbox 360, Mac]"
[Multiplayer],"[Aug 21, 2012, Aug 21, 2012, Aug 21, 2012, Aug 21, 2012, Aug 21, 2012, Aug 21, 2012]",6ea8ab8c-4960-43dc-ba54-474cf9a967cf,"[Hidden Path Entertainment, Valve Corporation]","[Linux, PC (Microsoft Windows), PlayStation 3, Xbox 360, Mac]"
[Single player],"[Oct 27, 2017, Oct 27, 2017, Oct 27, 2017, Dec 15, 2020, Oct 26, 2017]",271808dd-85f6-45a2-b33b-37cccaea111d,"[Ubisoft Entertainment, Ubisoft Montreal, Ubisoft Sofia, Ubisoft Singapore, Ubisoft Montpellier, Ubisoft Chengdu, Ubisoft Kyiv, (Archive) Ubisoft Quebec, Ubisoft Shanghai, Ubisoft Philippines, Ubisoft Bucharest]","[PC (Microsoft Windows), PlayStation 4, Xbox One, Google Stadia]"
[Single player],"[Apr 01, 2021, Apr 01, 2021, Apr 01, 2021]",5912da27-f37d-4cd2-9ba5-eff988846a1a,[Landfall Games],"[PC (Microsoft Windows), Mac, Xbox One]"
"[Single player, Multiplayer, Co-operative]","[Nov 30, 2018]",5564a844-760a-4ff0-a328-c6f32e87ec49,[MythoLogic Interactive],[PC (Microsoft Windows)]
[Single player],"[Feb 26, 1999, Oct 21, 1998, Sep 03, 1998, Mar 21, 2008, Nov 19, 2009, Jun 18, 2009, Mar 21, 2008, Nov 19, 2009, Jun 18, 2009]",1fd3201a-153d-4b60-9bad-b0e46e31d20a,"[Microsoft, Digital Dialect, Konami Computer Entertainment Japan, Konami Digital Entertainment]","[PlayStation, PlayStation 3, PlayStation Portable]"
[Single player],"[Jun 25, 1998, Jan 31, 1997, Sep 07, 1997, Nov 17, 1997, Jun 24, 1998, Dec 05, 2015, Mar 26, 2019, Mar 26, 2019, Aug 19, 2015, Jul 07, 2016]",c3422185-c120-4f96-bf4e-df1f44da0544,"[Square, Eidos Interactive, Square Enix, Sony Computer Entertainment]","[PC (Microsoft Windows), PlayStation, Android, iOS, PlayStation 4, Xbox One, Nintendo Switch]"
[Single player],"[Oct 09, 2012, Oct 09, 2012, Oct 09, 2012, Oct 12, 2012, Aug 25, 2015, Aug 25, 2015, Oct 09, 2012, Oct 12, 2012]",b4c92f26-06b4-4967-971c-8640c1ae8402,"[Arkane Studios, Bethesda Softworks]","[PC (Microsoft Windows), PlayStation 3, Xbox 360, PlayStation 4, Xbox One]"
[Single player],"[Apr 10, 2020, TBD]",3c9c8fa5-b644-414e-82e7-7b531475fce7,"[Square Enix, CyberConnect2]","[PC (Microsoft Windows), PlayStation 4]"
"[Single player, Multiplayer]","[Mar 26, 2015, Mar 24, 2015, Mar 27, 2015]",c5402bbd-bc41-4919-94e4-e5b0132372dd,"[Sony Computer Entertainment, Inc. (SCEI), FromSoftware]",[PlayStation 4]
"[Single player, Multiplayer, Co-operative]","[Nov 01, 2011, Nov 02, 2011, Nov 02, 2011, Nov 03, 2011]",4a5f0761-7526-4c53-85ea-3813a8b86be0,"[Naughty Dog, Sony Computer Entertainment, Inc. (SCEI)]",[PlayStation 3]
[Single player],"[May 30, 2013, Sep 07, 2004, Jul 15, 2003, Nov 19, 2003, Sep 12, 2003, Dec 05, 2003, Sep 05, 2009, Nov 02, 2004, May 15, 2012, Dec 23, 2014, Nov 11, 2021, Nov 10, 2021]",06dc8d2a-c19c-40f3-bc72-0b48760111ba,"[BioWare, LucasArts, Activision, Aspyr Media]","[PC (Microsoft Windows), Xbox, Mac, Android, iOS, Nintendo Switch]"
"[Single player, Multiplayer, Co-operative]","[May 13, 2016, May 13, 2016, May 13, 2016, May 13, 2016, May 13, 2016, May 13, 2016, Aug 18, 2020, May 12, 2016]",65a2635b-5026-4679-b7f5-5a5f0bde1774,"[id Software, Panic Button Games, Bethesda Softworks]","[PC (Microsoft Windows), PlayStation 4, Xbox One, Google Stadia]"
"[Single player, Multiplayer]","[Jul 03, 2002, Jul 05, 2002, 2003, Jul 03, 2002, Jul 05, 2002]",6efb9529-80bd-4ec0-962a-fd6309a122db,"[Blizzard Entertainment, Sierra Entertainment, Capcom]","[PC (Microsoft Windows), Mac]"
[Single player],"[Jan 11, 2005, Mar 18, 2005, Jan 27, 2005]",a8559907-a744-48e7-b377-2cf1b79f008c,"[Capcom, Capcom Production Studio 4, Typhoon Games]",[Nintendo GameCube]
[Single player],"[May 26, 2010, Oct 10, 2007, Oct 10, 2007, Nov 16, 2007, May 10, 2013, Dec 11, 2007, Nov 22, 2007, Apr 04, 2008, Oct 18, 2007, Oct 25, 2007, Oct 18, 2007, Nov 22, 2007, Dec 11, 2007, Oct 09, 2007, May 22, 2008, Oct 10, 2007, Oct 10, 2007]",ab724383-009c-4d50-b76c-1cbf9002b62e,"[Valve Corporation, CyberFront, Valve Corporation, EA Games]","[Linux, PC (Microsoft Windows), PlayStation 3, Xbox 360, Mac]"
[Single player],"[Nov 18, 2014, Nov 18, 2014, Sep 30, 2014, Sep 30, 2014, Oct 03, 2014, Oct 08, 2014, Oct 08, 2014, Dec 25, 2014, Oct 03, 2014, Oct 08, 2014, Dec 25, 2014, Nov 21, 2014, Nov 26, 2014, Nov 21, 2014, Nov 26, 2014, Dec 25, 2014, Oct 03, 2014, Sep 30, 2014, Jul 30, 2015, Jul 30, 2015, Jul 30, 2015]",1ae9493b-408b-4a27-af69-c93c80c501c7,"[Monolith Productions, Behaviour Interactive, WB Games, Feral Interactive]","[Linux, PC (Microsoft Windows), PlayStation 3, Xbox 360, Mac, PlayStation 4, Xbox One]"
[Single player],"[Nov 02, 1999, Oct 29, 2012, Aug 11, 1995, Jun 29, 2001, Feb 03, 2009, Feb 06, 2009, Dec 22, 2011, Apr 26, 2011, May 16, 2011, May 20, 2011, May 20, 2011, Feb 27, 2018, Mar 11, 1995, Oct 04, 2011]",dbf1315f-f31e-4afc-9779-ed97f950f81a,[Square],"[Wii, PC (Microsoft Windows), PlayStation, PlayStation 3, Super Nintendo Entertainment System (SNES), Nintendo DS, Android, Super Famicom]"
"[Single player, Multiplayer]","[Nov 23, 2010, Sep 21, 2010, Sep 24, 2010, Sep 24, 2010, Oct 29, 2010, Jun 11, 2014, Sep 21, 2010, Sep 21, 2010]",d8cf694c-4109-4a20-9ab3-f70013da1fb3,"[2K Games, Aspyr Media, Firaxis Games, Mastertronic]","[Linux, PC (Microsoft Windows), Mac]"
"[Single player, Multiplayer, Co-operative]","[Mar 27, 2018, Mar 27, 2018, Mar 27, 2018, Nov 03, 2020, Mar 26, 2018]",1b50c8c9-a337-46da-b967-e8eec1b29222,"[Ubisoft Entertainment, Ubisoft Montreal, Red Storm Entertainment, Ubisoft Shanghai, Ubisoft Toronto, Ubisoft Kyiv]","[PC (Microsoft Windows), PlayStation 4, Xbox One, Google Stadia]"
"[Single player, Multiplayer, Co-operative, Massively Multiplayer Online (MMO)]","[Mar 08, 2016, Mar 08, 2016, Mar 08, 2016, Mar 08, 2016, Mar 08, 2016, Mar 08, 2016]",c2dc676e-f98b-4518-9040-9d6a64429bec,"[Ubisoft Entertainment, Ubisoft Red Storm, Massive Entertainment - A Ubisoft Studio]","[PC (Microsoft Windows), PlayStation 4, Xbox One]"
"[Single player, Multiplayer]","[Mar 21, 2017, Mar 21, 2017, Mar 23, 2017, Mar 23, 2017, Mar 21, 2017, Mar 22, 2017]",9e874e65-cd66-4d7a-92ef-678d18c1ef9c,"[BioWare, Electronic Arts, BioWare Montreal]","[PC (Microsoft Windows), PlayStation 4, Xbox One]"
"[Single player, Multiplayer, Massively Multiplayer Online (MMO)]","[TBD, TBD]",64287035-208b-425c-9814-2dd1bde412b7,[Cloud Imperium Games Corporation],"[Linux, PC (Microsoft Windows)]"
"[Single player, Multiplayer, Co-operative]","[Sep 22, 2011, Oct 04, 2011, Aug 23, 2012, Oct 04, 2011, Oct 07, 2011, Sep 22, 2011]",b62b09bb-9bbf-4024-a294-981566c87a1e,"[FromSoftware, Bandai Namco Entertainment]","[PC (Microsoft Windows), PlayStation 3, Xbox 360]"
"[Single player, Co-operative]","[Nov 10, 2015, Nov 10, 2015, Jan 28, 2016, Oct 11, 2016, Oct 11, 2016, Oct 11, 2016, Nov 10, 2015, Nov 19, 2019, Feb 09, 2016, Feb 09, 2016, Feb 09, 2016]",0d2b255f-33e3-4446-a85e-0b05025b2626,"[Microsoft Studios, Crystal Dynamics, Square Enix]","[Linux, PC (Microsoft Windows), Xbox 360, Mac, PlayStation 4, Xbox One, Google Stadia]"
"[Single player, Multiplayer]","[Sep 13, 1985, May 15, 1987, Dec 02, 2006, Dec 25, 2006, Jan 05, 2007, Mar 01, 2012, Jan 05, 2012, Jun 05, 2013, Sep 12, 2013, Sep 19, 2013, Oct 18, 1985, Feb 21, 1986, Jul 01, 1987, Jan 05, 2007, Mar 01, 2012, Sep 12, 2013, Sep 19, 2018, Feb 15, 2012]",20cd506b-c097-40a0-ad41-08ddc8ae5635,"[Nintendo EAD, Nintendo, Nintendo]","[Wii, Nintendo Entertainment System (NES), Nintendo 3DS, Wii U, Family Computer Disk System, Nintendo Switch]"
[Single player],"[Dec 08, 2017, Dec 08, 2017, Jul 27, 2018, Jul 26, 2018, Jul 26, 2018, Sep 01, 2020, Jul 27, 2018]",44b11aa1-1df4-4758-8887-478e0c9c2a44,"[DYNAMIC PIXELS, tinyBuild, tinyBuild Games]","[PC (Microsoft Windows), Android, iOS, PlayStation 4, Xbox One, Nintendo Switch, Google Stadia]"
[Single player],"[Oct 22, 2001, Nov 12, 2010, Oct 31, 2003, May 20, 2002, Dec 01, 2011, Dec 05, 2015, Aug 18, 2011, Dec 15, 2011]",7730e54b-8426-4ae6-8f86-c52301d5e7dd,"[DMA Design, Rockstar Games, Take-Two Interactive, Rockstar Vienna]","[PC (Microsoft Windows), PlayStation 2, Xbox, Mac, Android, iOS, PlayStation 4]"
[Single player],"[Oct 18, 2005, Oct 27, 2005, Feb 16, 2006, Feb 17, 2006]",befa4e00-cddc-490a-9342-683503361378,"[Sony Computer Entertainment, Inc. (SCEI), Team Ico]",[PlayStation 2]
"[Single player, Co-operative]","[Oct 27, 2017]",fb9ab84d-30f8-48b3-b0be-86543dba30c4,"[1-UP Studio, Nintendo]",[Nintendo Switch]
"[Single player, Multiplayer, Co-operative]","[Jan 26, 2018, Jan 26, 2018, Aug 09, 2018]",ecbdeb46-90ea-4781-834a-b07a2ac7c741,[Capcom],"[PC (Microsoft Windows), PlayStation 4, Xbox One]"
[Single player],"[Mar 06, 2014, Mar 07, 2014, Mar 06, 2014, Mar 04, 2014, Mar 06, 2014, Mar 07, 2014, Mar 04, 2014, Mar 05, 2014, Mar 07, 2014, Oct 17, 2017, Oct 17, 2017, Feb 13, 2018, Sep 25, 2018, Mar 03, 2014]",508f7ce3-a487-4d2a-8ad8-8a8fb015cfe4,"[Ubisoft Entertainment, Obsidian Entertainment, South Park Digital Studios, Ubisoft]","[PC (Microsoft Windows), PlayStation 3, Xbox 360, PlayStation 4, Xbox One, Nintendo Switch]"
[Single player],"[Sep 15, 2015, Sep 15, 2015, Jul 17, 2016, Aug 15, 2017, Aug 15, 2017, Sep 15, 2018, Sep 18, 2018, Sep 18, 2018, Mar 16, 2021]",b9e5709d-aded-4e25-83fb-940cd88e0426,"[tobyfox, temmie, 8-4]","[Linux, PC (Microsoft Windows), Mac, PlayStation Vita, PlayStation 4, Xbox One, Nintendo Switch]"
"[Single player, Multiplayer]","[Sep 15, 2015, Sep 01, 2015, Sep 01, 2015, Sep 01, 2015, Sep 01, 2015, Sep 01, 2015, Sep 01, 2015, Sep 01, 2015, Sep 01, 2015, Sep 01, 2015, Sep 01, 2015]",426b29b5-0cf8-419e-abf1-d36cff81206f,"[Kojima Productions, Konami]","[PC (Microsoft Windows), PlayStation 3, Xbox 360, PlayStation 4, Xbox One]"
"[Single player, Multiplayer, Co-operative]","[Sep 29, 2017, Sep 29, 2017, Sep 29, 2017, Apr 18, 2019, Jul 28, 2020, Oct 18, 2018]",f35d8e8a-a5ca-435e-b387-35ec6c35371f,[Studio MDHR],"[PC (Microsoft Windows), Mac, PlayStation 4, Xbox One, Nintendo Switch]"
[Single player],"[Feb 13, 2018, Feb 13, 2018, Feb 13, 2018, Feb 13, 2018, TBD]",4a6f3241-6998-4309-af2e-32009477bb07,"[Deep Silver, Warhorse Studios]","[PC (Microsoft Windows), PlayStation 4, Xbox One, Nintendo Switch]"
[Single player],"[Nov 29, 2007, Nov 16, 2007, Apr 08, 2008, Nov 13, 2007, Nov 13, 2007, Nov 16, 2007, Apr 11, 2008, Nov 21, 2007, Nov 21, 2007, Apr 10, 2008]",3d54c537-8d06-46c4-a72e-691c8375646b,"[Ubisoft Montreal, Ubisoft Entertainment]","[PC (Microsoft Windows), PlayStation 3, Xbox 360]"
[Single player],"[Oct 20, 2008, Oct 14, 2008, Oct 14, 2008]",b144a5e2-0b60-49cf-955f-194f1dfa249f,"[EA Redwood Shores, Electronic Arts]","[PC (Microsoft Windows), PlayStation 3, Xbox 360]"
[Single player],"[Oct 23, 2012, Mar 19, 2013, Jun 25, 2013, Jun 25, 2013, Sep 09, 2013, Jun 26, 2013, Jun 26, 2013, Aug 19, 2014, Aug 20, 2014, Mar 30, 2015, Sep 23, 2020]",39d06962-9ed1-4cdb-b109-4bd623bfbf76,"[Dennaton Games, Devolver Digital, Abstraction Games]","[Linux, PC (Microsoft Windows), PlayStation 3, Mac, Android, PlayStation Vita, PlayStation 4, Google Stadia]"
[Single player],"[Sep 07, 2018]",e8045c77-36ca-4d6d-91b2-b398441789c2,"[Insomniac Games, Sony Interactive Entertainment]",[PlayStation 4]
[Single player],"[Aug 04, 2011, Jan 20, 2011, Jul 19, 2011, Feb 11, 2015, Jul 03, 2013, Aug 02, 2011, Jun 28, 2018, Dec 02, 2015, Jun 05, 2013, Jun 04, 2013, Jul 21, 2010, Feb 24, 2015, Dec 05, 2014, Jun 18, 2013, Dec 21, 2011, Feb 25, 2015, Jun 19, 2014]",e30d99d1-0aed-4c52-8076-c6291b925a1e,"[Microsoft Game Studios, Ryan C. Gordon, Double Eleven, Playdead, Playdead]","[Linux, PC (Microsoft Windows), PlayStation 3, Xbox 360, Mac, Android, iOS, PlayStation Vita, PlayStation 4, Xbox One, Nintendo Switch]"
"[Single player, Multiplayer, Co-operative]","[Dec 10, 1993, Dec 10, 1993, 1993, 1993, Nov 14, 1994, Nov 21, 1994, Dec 03, 1994, 1994, Nov 28, 1994, Sep 01, 1995, Oct 26, 1995, Mar 01, 1996, 1996, Apr 26, 1996, Aug 20, 1996, Mar 31, 1997, 1997, Jul 11, 1997, 1993, Nov 21, 1994, Oct 28, 2001, Nov 16, 2001, 1994, Oct 31, 2009, Jul 26, 2019, Sep 27, 2006, Sep 28, 2006, Jul 25, 2019, Jul 26, 2019, Jul 26, 2019]",52f4a454-a3a1-4e2b-aff2-8d8d5377ebd7,"[Activision, GT Interactive, Soft Bank, Art Data Interactive, Bashou House, Williams Entertainment, Ocean Software, Imagineer, Atari, id Software, Nerve Software, LLC, Sega, Sculptured Software, Logicware, Rage Software, David A. Palmer Productions, Bethesda Softworks]","[Linux, PC (Microsoft Windows), Xbox 360, PC DOS, Mac, Super Nintendo Entertainment System (SNES), Game Boy Advance, Sega 32X, Sega Saturn, iOS, PlayStation 4, Xbox One, 3DO Interactive Multiplayer, Super Famicom, Atari Jaguar, Nintendo Switch]"
[Single player],"[Aug 28, 2002, Feb 04, 2004, Mar 12, 2004]",c40cd030-85bf-40e0-8b43-a9f48ec73439,"[Illusion Softworks, Gathering of Developers, Take-Two Interactive]","[PC (Microsoft Windows), PlayStation 2, Xbox]"
"[Single player, Multiplayer]","[Nov 18, 2014, Nov 18, 2014, Nov 18, 2014, Nov 18, 2014, Nov 21, 2014, Nov 21, 2014, Nov 21, 2014, Nov 21, 2014, Nov 18, 2014, Nov 18, 2014, Nov 18, 2014, Nov 18, 2014, Nov 18, 2014, Nov 27, 2014, Nov 27, 2014, Nov 27, 2014, Nov 27, 2014, Nov 27, 2014, Nov 18, 2014, Nov 21, 2014]",d87a4ba8-0967-4dcd-adc5-b0e35d1ed38f,"[Electronic Arts, BioWare, BioWare Edmonton]","[PC (Microsoft Windows), PlayStation 3, Xbox 360, PlayStation 4, Xbox One]"
"[Single player, Multiplayer, Co-operative]","[Jun 29, 2000, Jun 30, 2000, Jul 26, 2000, 2000]",ad4bcd5c-f2d1-4b7d-aab0-120888289ad0,"[Blizzard Entertainment, Blizzard North, Sierra Entertainment, Havas Interactive]","[PC (Microsoft Windows), Mac]"
"[Multiplayer, Co-operative]","[Jun 14, 2016, Sep 24, 2019, Jun 20, 2017, Jun 22, 2017, Jun 20, 2017, Jun 22, 2017, Jun 23, 2017, Jun 23, 2017, Nov 10, 2020, Nov 12, 2020, Nov 19, 2020, Oct 01, 2020]",4ccb4519-19ae-4ca5-9c59-0e1c6d210d36,"[Starbreeze publishing AB, Behaviour Interactive, Behaviour Interactive]","[PC (Microsoft Windows), PlayStation 4, Xbox One, Nintendo Switch, PlayStation 5, Xbox Series X|S, Google Stadia]"
"[Single player, Multiplayer, Co-operative]","[Jun 30, 1999, Sep 30, 1999, May 25, 2009, Dec 09, 1997]",1d35140a-50f8-44e6-bd28-fa9db45b7ed8,"[Hammerhead, Activision, Hyperion Entertainment, Macmillan Digital Publishing, Logicware, Raster Productions, id Software, Tectoy]","[Nintendo 64, PC (Microsoft Windows), PlayStation, Zeebo]"
[Single player],"[May 20, 2014, May 20, 2014, May 20, 2014, May 20, 2014, May 20, 2014, Jun 05, 2014, Jun 05, 2014, Jun 05, 2014, Jun 05, 2014, Jun 05, 2014, May 20, 2014, May 20, 2014, May 20, 2014, May 20, 2014, May 20, 2014, May 20, 2014]",56af16e5-6c88-49ea-88fb-6e76f5419da4,"[MachineGames, Bethesda Softworks]","[PC (Microsoft Windows), PlayStation 3, Xbox 360, PlayStation 4, Xbox One]"
[Single player],"[Aug 23, 2011, Aug 23, 2011, Aug 23, 2011, Apr 26, 2012, Aug 23, 2011, Aug 26, 2011, Oct 20, 2011]",4b0a76f9-74e1-47dd-80eb-47ceba8d72e3,"[Square Enix, Eidos Montréal, Feral Interactive]","[PC (Microsoft Windows), PlayStation 3, Xbox 360, Mac]"
"[Single player, Multiplayer, Co-operative]","[Apr 12, 2016, Apr 12, 2016, Apr 12, 2016, Mar 24, 2016, Mar 24, 2016, Mar 24, 2016, Apr 12, 2016, Apr 12, 2016, Apr 12, 2016, Apr 11, 2016]",0d66fe0a-a97e-4c56-930e-aadaef506f19,"[Bandai Namco Entertainment, FromSoftware]","[PC (Microsoft Windows), PlayStation 4, Xbox One]"
"[Single player, Multiplayer, Co-operative]","[Nov 18, 2014, Nov 18, 2014, Nov 18, 2014, Nov 18, 2014, Nov 18, 2014, Nov 18, 2014, Nov 21, 2014, Nov 18, 2014, Nov 21, 2014, TBD]",36c2ba66-513d-4f98-b867-cedbfbdf3b7b,"[Ubisoft Montreal, Ubisoft Entertainment, Ubisoft Shanghai, Ubisoft Kyiv, Red Storm Entertainment, Ubisoft Toronto]","[PC (Microsoft Windows), PlayStation 3, Xbox 360, PlayStation 4, Xbox One, Google Stadia]"
[Single player],"[May 25, 2018, Jun 18, 2019, Dec 12, 2019, Jun 18, 2020]",8f6ee083-f15c-4b1e-beb2-52abaf8ef325,"[Quantic Dream, Sony Interactive Entertainment]","[PC (Microsoft Windows), PlayStation 4]"
"[Single player, Multiplayer]","[Oct 30, 2012, Nov 18, 2012, Nov 20, 2012, Nov 30, 2012, Dec 08, 2012, Nov 15, 2012, Oct 31, 2012, Nov 15, 2012, Nov 23, 2012, Dec 21, 2012, Oct 30, 2012, Oct 31, 2012]",11dd4da7-c74e-4f54-baa9-f47077cb4b75,"[Ubisoft Entertainment, Ubisoft Montreal, Ubisoft Singapore, Ubisoft Annecy, Ubisoft Bucharest, Ubisoft Kyiv, (Archive) Ubisoft Quebec, Ubisoft]","[PC (Microsoft Windows), PlayStation 3, Xbox 360, Wii U]"
[Single player],"[Mar 17, 2017, Mar 07, 2017, Mar 10, 2017, Feb 23, 2017, Mar 10, 2017, Mar 10, 2017, Apr 27, 2017, Apr 27, 2017]",9bc5652d-0daa-4ee3-9eeb-e5be43ceef1c,"[Platinum Games, Square Enix, ILCA, Inc.]","[PC (Microsoft Windows), PlayStation 4]"
"[Single player, Multiplayer]","[Mar 29, 1999, Mar 31, 1998, 1998]",71f0b0bc-e86a-4b75-b320-ef977ac29258,[Blizzard Entertainment],"[PC (Microsoft Windows), Mac]"
"[Single player, Multiplayer, Co-operative, Split screen, Battle Royale]","[Mar 15, 2018, Jun 12, 2018, Nov 12, 2020, Jul 25, 2017, Jul 25, 2017, Jul 25, 2017, Jul 24, 2018, Jul 25, 2017, Nov 10, 2020]",146eeee8-0434-43c3-b977-bc65a2bb8286,"[People Can Fly, Epic Games]","[PC (Microsoft Windows), Mac, Android, iOS, PlayStation 4, Xbox One, Nintendo Switch, PlayStation 5, Xbox Series X|S]"
[Single player],"[Jun 06, 2002, May 01, 2002, Nov 22, 2002, May 02, 2002]",d5c7feac-b48e-4b96-8c4a-da75929e0191,"[Bethesda Game Studios, ZeniMax Media, Ubisoft Entertainment, Bethesda Softworks]","[PC (Microsoft Windows), Xbox]"
"[Single player, Multiplayer, Co-operative]","[Aug 12, 2016, Aug 10, 2016, Aug 09, 2016, Jul 24, 2018, Nov 12, 2020, Aug 14, 2019, Aug 14, 2019, Nov 10, 2020, Aug 14, 2019]",28c908ff-6161-4b82-8912-f2884e7c2bb1,"[Hello Games, 505 Games, Sony Interactive Entertainment]","[PC (Microsoft Windows), PlayStation 4, Xbox One, SteamVR, PlayStation VR, PlayStation 5, Xbox Series X|S, Oculus Rift]"
[Single player],"[Jun 29, 2016, Jul 07, 2016, Aug 23, 2016, Dec 14, 2017, Jun 28, 2018, Nov 24, 2016, Jun 26, 2020]",a194ca76-96f9-4fef-b6b9-8bb415c52ead,[Playdead],"[PC (Microsoft Windows), Mac, iOS, PlayStation 4, Xbox One, Nintendo Switch]"
"[Single player, Multiplayer, Co-operative]","[Nov 10, 2009, Nov 10, 2009, Dec 10, 2009, Nov 10, 2009, Nov 10, 2009, Nov 10, 2009, Nov 11, 2009, Nov 11, 2009]",497f2c37-5497-41df-9be9-0a144d2b6976,"[Infinity Ward, Activision, n-Space, SPOV, The Ant Farm, Earbash Inc., Shadows in Darkness, Vykarian, PCB Productions, SIDE UK Ltd, 87eleven, Xloc. inc, Blade Games World, Ignited Minds, LLC, Hamagami/Carroll Inc.]","[PC (Microsoft Windows), PlayStation 3, Xbox 360, Mac]"
[Single player],"[Mar 11, 2015, Mar 11, 2015, Dec 20, 2020]",fe6ac91b-a00b-4b19-90da-759e3e614365,"[Moon Studios, Microsoft Studios]","[PC (Microsoft Windows), Xbox One, Nintendo Switch]"
[Single player],"[Dec 16, 2004, Mar 04, 2005, Mar 17, 2005, Nov 17, 2004]",2dde5eed-49a1-4d17-a847-c060144d30dd,"[Konami Computer Entertainment Japan, Konami]",[PlayStation 2]
"[Single player, Multiplayer]","[Nov 02, 2001, Sep 30, 1999, Sep 30, 1999, 1999, Nov 02, 2002]",556719e0-699f-4a43-8ca8-e8007ef8e41f,"[Ensemble Studios, Microsoft, Konami]","[PC (Microsoft Windows), PlayStation 2, Mac]"
[Single player],"[Oct 11, 2013, Nov 04, 2014, Nov 04, 2014, Oct 11, 2013, Oct 14, 2013, Oct 16, 2013, Dec 04, 2013, Jun 02, 2014, Nov 07, 2014, Nov 07, 2014, Nov 07, 2014, Nov 04, 2014, Nov 12, 2014]",a9024f4f-ef07-4274-a4c6-fa4696b08985,[Telltale Games],"[PC (Microsoft Windows), PlayStation 3, Xbox 360, Mac, Android, iOS, PlayStation Vita, PlayStation 4, Xbox One]"
[Single player],"[Oct 17, 2013, Dec 19, 2013, Sep 09, 2015, Oct 17, 2013, Oct 17, 2013]",ffe1bbec-8328-40b0-aa46-931646ab43e5,[Galactic Cafe],"[Linux, PC (Microsoft Windows), Mac]"
"[Single player, Multiplayer]","[Oct 21, 2016, Oct 21, 2016, Oct 21, 2016]",177754af-5c0b-4f05-a215-c031a2b52971,"[EA Digital Illusions CE, Electronic Arts]","[PC (Microsoft Windows), PlayStation 4, Xbox One]"
[Single player],"[Apr 26, 2019, May 18, 2021, May 17, 2021]",8f80c313-324b-4f1f-8355-f4154933c5df,"[Sony Interactive Entertainment, SIE Bend Studio]","[PC (Microsoft Windows), PlayStation 4]"
[Single player],"[Mar 22, 2005, Jul 08, 2005, Nov 17, 2005]",c28c0774-6925-44fe-9fc2-2412e1862ce2,"[Sony Computer Entertainment, Inc. (SCEI), Capcom, SIE Santa Monica Studio]",[PlayStation 2]
"[Single player, Co-operative]","[Mar 13, 2012, Mar 14, 2012, Mar 15, 2012, Jun 06, 2019, Jul 21, 2015, Jul 21, 2015, Mar 15, 2012, Jul 21, 2015, Jul 23, 2015, Aug 06, 2019]",f6fc3d3e-9186-4415-8bba-0805c8c59ca9,"[ThatGameCompany, Sony Computer Entertainment, Inc. (SCEI), Annapurna Interactive, SCE Santa Monica Studio]","[PC (Microsoft Windows), PlayStation 3, iOS, PlayStation 4]"
[Single player],"[Jun 26, 2000, Jun 26, 2000, Jul 13, 2000, Mar 26, 2002, Jun 07, 2002, Dec 13, 2002, May 16, 2012]",7d063902-7258-4b19-8067-a629ec94f7bc,"[Ion Storm, Eidos Interactive, Aspyr Media, Westlake Interactive, Square Enix]","[PC (Microsoft Windows), PlayStation 2, PlayStation 3, Mac]"
"[Single player, Multiplayer]","[Nov 14, 2011, Nov 16, 2011, Nov 29, 2011, Nov 15, 2011, Nov 15, 2011]",1a29de10-3988-4315-963a-f613ca86215b,"[Ubisoft Entertainment, Ubisoft Montreal, Ubisoft Kyiv, Ubisoft Annecy, (Archive) Ubisoft Quebec, Ubisoft Singapore, Ubisoft Bucharest, Massive Entertainment - A Ubisoft Studio]","[PC (Microsoft Windows), PlayStation 3, Xbox 360]"
"[Single player, Multiplayer]","[Jun 13, 2006, Oct 25, 2005, Nov 22, 2005, Dec 02, 2005]",4ea730ba-d6d0-447a-9381-93d1e498f712,"[Activision, Infinity Ward]","[PC (Microsoft Windows), Xbox 360, Mac]"
"[Single player, Multiplayer, Co-operative, Split screen]","[Jul 07, 2015, Jul 07, 2015, Feb 17, 2016, Sep 08, 2016, Sep 08, 2016, Nov 14, 2017, Nov 04, 2015, Jun 24, 2016, Jul 05, 2016, Feb 17, 2016, Nov 10, 2020, Aug 17, 2021]",2db24fb2-a80a-46da-9eb8-044c5bfb3b4b,"[Panic Button Games, Psyonix]","[Linux, PC (Microsoft Windows), Mac, PlayStation 4, Xbox One, Nintendo Switch, PlayStation 5, Xbox Series X|S]"
"[Multiplayer, Co-operative, Battle Royale]","[Aug 04, 2020, Aug 04, 2020, Aug 03, 2020, TBD, TBD, TBD]",e5a18490-365c-4262-96dc-29d86787a933,"[Devolver Digital, Mediatonic, Epic Games]","[PC (Microsoft Windows), PlayStation 4, Xbox One, Nintendo Switch, Xbox Series X|S]"
[Single player],"[Sep 24, 2001, Sep 27, 2001, Nov 23, 2001, Feb 28, 2003, Dec 02, 2002, Sep 27, 2001, Dec 19, 2001]",dad42018-cbe9-43d9-b895-c107a3bcf970,"[Team Silent, Konami]","[PC (Microsoft Windows), PlayStation 2, Xbox]"
[Single player],"[May 17, 2011, May 17, 2011, Nov 08, 2011, May 17, 2011, May 20, 2011, Jul 07, 2011]",ab663389-2370-4b77-bf24-ed2564055a39,"[Team Bondi, Rockstar North, Rockstar Games, Rockstar Leeds, Take-Two Interactive]","[PC (Microsoft Windows), PlayStation 3, Xbox 360]"
"[Single player, Co-operative]","[Dec 13, 2002, May 02, 2003, Mar 24, 2003, May 07, 2003]",9a690dc6-8d74-4759-899d-b16c50b4144a,"[Nintendo EAD, Nintendo]",[Nintendo GameCube]
[Single player],"[Aug 24, 2010, Aug 24, 2010, Aug 24, 2010, Aug 27, 2010, Aug 24, 2010]",1c1725f5-d442-4a05-94c2-60a4968218c5,"[2K Czech, Massive Bear Studios, 2K Games, Take-Two Interactive]","[PC (Microsoft Windows), PlayStation 3, Xbox 360]"
[Single player],"[Feb 09, 2016, Feb 09, 2016, Feb 09, 2016, Sep 21, 2016, Feb 09, 2016, Sep 30, 2016, Oct 14, 2016, Dec 17, 2018]",e5f7ab11-e49d-4507-bbfa-81d20bf87af0,"[Panic, Campo Santo]","[Linux, PC (Microsoft Windows), Mac, PlayStation 4, Xbox One, Nintendo Switch]"
[Single player],"[Jan 24, 2017, Jan 24, 2017, Jan 24, 2017, Jan 24, 2017, Jan 24, 2017, Jan 24, 2017, Jan 24, 2017, Jan 26, 2017, Jan 24, 2017, Apr 01, 2021]",14175929-113b-493d-b434-93848a271623,[Capcom],"[PC (Microsoft Windows), PlayStation 4, Xbox One, Google Stadia]"
[Multiplayer],"[Feb 22, 2019, Feb 22, 2019, Feb 22, 2019]",a935e3c3-f9a7-49fa-bee4-95e24fa9172c,"[BioWare, Electronic Arts]","[PC (Microsoft Windows), PlayStation 4, Xbox One]"
[Single player],"[Dec 07, 2007, Dec 06, 2007, Nov 16, 2007, Dec 06, 2007]",24da562c-9627-47b7-8557-99ca368889bb,"[Naughty Dog, Sony Computer Entertainment, Inc. (SCEI)]",[PlayStation 3]
"[Single player, Multiplayer, Co-operative]","[Oct 25, 2011, Oct 25, 2011, Oct 25, 2011, Nov 02, 2011, Oct 28, 2011, Oct 25, 2011]",82259f35-0775-4478-83e7-87f76941c847,"[EA Digital Illusions CE, Electronic Arts]","[PC (Microsoft Windows), PlayStation 3, Xbox 360]"
"[Single player, Multiplayer]","[Feb 09, 2010, Feb 09, 2010, Feb 09, 2010, Mar 29, 2010, Feb 09, 2010, Feb 09, 2010, Mar 04, 2010, Mar 29, 2012, Feb 09, 2010]",3c43d516-9139-424b-b1e8-304c5f7ea00f,"[2K Marin, 2K Games, D3 Publisher, 2K China, Darkside Game Studios, Take-Two Interactive, Digital Extremes, Feral Interactive, Arkane Studios, 2K Australia, 2K Boston]","[PC (Microsoft Windows), PlayStation 3, Xbox 360, Mac]"
[Single player],"[1987, 1987, 1988, 1989, 1987, 1987, 1988, Nov 18, 1988, Dec 22, 1988, Feb 23, 1990, Nov 1989, 1988, 1988, 1988, 1988, 1988, 1989, 1989, Oct 21, 1998, Apr 18, 2002, Sep 30, 2006, 1984]",09ea401a-bf29-4fe4-823a-025fb5791287,"[Infogrames, Mirrorsoft, Nintendo, Spectrum HoloByte, Inc., Tandy, W!Games, DR Korea, Philips Interactive Media, Inc., AcademySoft, Bullet-Proof Software, Sega, Elorg, Andromeda Software, Rowan Software, Sphere, Sanritsu, ZTC Systems]","[PC DOS, Mac, Commodore C64/128, Amiga, Nintendo Entertainment System (NES), Game Boy Color, ZX Spectrum, MSX, Sega Mega Drive/Genesis, Arcade, WonderSwan, Atari ST/STE, Sega Master System, BBC Microcomputer System, Commodore VIC-20, Apple II, Sharp X1]"
[Single player],"[Oct 10, 2017, Oct 10, 2017, Oct 10, 2017, Oct 10, 2017, Oct 10, 2017, Oct 10, 2017]",56292795-6616-4f18-8c22-7852731a9e96,"[WB Games, Monolith Productions]","[PC (Microsoft Windows), PlayStation 4, Xbox One]"
"[Single player, Multiplayer, Co-operative]","[May 27, 2014, May 27, 2014, May 27, 2014, May 27, 2014, May 27, 2014, Nov 18, 2014, Nov 21, 2014, Dec 04, 2014, May 27, 2014, May 27, 2014, May 27, 2014, May 27, 2014, May 27, 2014, Dec 09, 2020]",704aefa1-5c58-4d45-9ce0-69a2fecb7e4b,"[Ubisoft Entertainment, Ubisoft Montreal, Ubisoft]","[PC (Microsoft Windows), PlayStation 3, Xbox 360, Wii U, PlayStation 4, Xbox One, Google Stadia]"
[Single player],"[May 14, 2010, Feb 16, 2012, May 18, 2010, May 20, 2010, Feb 16, 2012, Feb 16, 2012]",97851b64-2f5f-463d-af2a-cc556dae433e,"[Microsoft Game Studios, Remedy Entertainment, Legacy Interactive, Nordic Games Publishing, Namco Bandai Partners, E-Frontier, Remedy Entertainment, Nitro Games]","[PC (Microsoft Windows), Xbox 360]"
"[Single player, Co-operative]","[Nov 29, 2016, Nov 29, 2016, Nov 29, 2016, Nov 29, 2016, Nov 29, 2016, Mar 06, 2018, 2019]",9094e394-95c2-431a-8244-277aa9b0646e,"[HexaDrive, XPEC, Umbra, Streamline Studios, Square Enix]","[PC (Microsoft Windows), PlayStation 4, Xbox One, Google Stadia]"
"[Single player, Multiplayer]","[May 15, 2012, May 18, 2012, May 18, 2012, May 18, 2012, Jun 01, 2012, Jun 01, 2012, Jun 05, 2012, Jun 20, 2013, May 15, 2012, May 18, 2012]",5545a90c-8cb6-4aa6-8e36-5c3ae09f67f9,"[Rockstar Games, Rockstar Vancouver, Rockstar New England, Rockstar London, Rockstar Toronto, Take-Two Interactive]","[PC (Microsoft Windows), PlayStation 3, Xbox 360, Mac]"
[Single player],"[Feb 25, 2010, Feb 23, 2010, Mar 01, 2016, Mar 02, 2016, Feb 23, 2010, Feb 18, 2010, Jun 18, 2020, Feb 24, 2010, Jun 01, 2016]",dc0f1fa4-102d-40ee-9a1f-0618479ef99f,"[Quantic Dream, Sony Computer Entertainment, Inc. (SCEI)]","[PC (Microsoft Windows), PlayStation 3, PlayStation 4]"
[Single player],"[Jan 11, 2018, Nov 30, 2010, Dec 13, 2011, Oct 06, 2015, Oct 06, 2015, Nov 18, 2011, May 12, 2016, Oct 20, 2010, Nov 30, 2010, Nov 30, 2010]",2053cb6d-1820-443a-81a7-9aa42eb99599,"[BlitWorks, Team Meat]","[Linux, PC (Microsoft Windows), Xbox 360, Mac, Wii U, PlayStation Vita, PlayStation 4, Nintendo Switch]"
[Single player],"[Nov 11, 2016, Nov 11, 2016, Nov 11, 2016]",4e9a4296-a852-4c96-b7a8-cd5e093aecdc,"[Arkane Studios, Bethesda Softworks]","[PC (Microsoft Windows), PlayStation 4, Xbox One]"
[Single player],"[Feb 25, 2016, Feb 25, 2016, Feb 25, 2016, May 03, 2016, Feb 25, 2016, Aug 19, 2019, TBD, Jul 19, 2017, Jul 21, 2017, Aug 18, 2019]",94b13879-1aff-459a-8141-4d361752e465,"[IMGN.PRO, SUPERHOT Team]","[Linux, PC (Microsoft Windows), Mac, PlayStation 4, Xbox One, Nintendo Switch, Google Stadia]"
[Single player],"[Mar 19, 1994, Aug 20, 2007, Oct 12, 2007, Sep 20, 2007, May 16, 2013, May 15, 2013, May 15, 2013, Apr 14, 2016, Mar 10, 2016, Aug 20, 2007, Sep 05, 2019, Apr 14, 2016]",5e814848-1bf2-40ba-a5ca-2e6771034376,"[Nintendo R&D1, Nintendo, Nintendo, Intelligent Systems]","[Wii, Super Nintendo Entertainment System (SNES), Nintendo 3DS, Wii U, Nintendo Switch, New Nintendo 3DS]"
[Single player],"[Nov 08, 2019, Jul 14, 2020]",1c73b1b3-1dd0-422e-80b1-25f8e2e74684,"[Sony Interactive Entertainment, Kojima Productions, 505 Games, Guerrilla Games]","[PC (Microsoft Windows), PlayStation 4]"
"[Single player, Multiplayer, Co-operative]","[Nov 17, 2009, Nov 17, 2009, Sep 05, 2010, Jul 02, 2013]",1ad9411f-153f-4701-abea-2938ee67340f,"[Valve Corporation, Turtle Rock Studios, Valve Corporation]","[Linux, PC (Microsoft Windows), Xbox 360, Mac]"
[Single player],"[Nov 12, 2008, Jan 13, 2009, Apr 01, 2010, Jul 13, 2012, Nov 14, 2008, Nov 13, 2008, Nov 13, 2008, Nov 13, 2008, Jan 16, 2009, Jan 22, 2009, Nov 11, 2008, Dec 11, 2008, Nov 11, 2008, Dec 11, 2008, Nov 13, 2008, Nov 11, 2008, Jun 22, 2010]",3288308a-55e7-45b6-94cc-efee5d592b21,"[Electronic Arts, EA Digital Illusions CE, IronMonkey Studios, EA Mobile]","[PC (Microsoft Windows), PlayStation 3, Xbox 360, iOS, Xbox One, Windows Phone]"
[Single player],"[Dec 02, 2006, Dec 19, 2006, Nov 19, 2006, Dec 08, 2006]",35c0d3c5-9bf5-488a-948b-dc06357634e2,"[Nintendo, Nintendo EAD Group No. 3]",[Nintendo GameCube]
"[Single player, Multiplayer, Co-operative]","[Jul 27, 2010, Jul 27, 2010]",4ac31843-bbac-4f63-8211-29ac90fd5ec0,[Blizzard Entertainment],"[PC (Microsoft Windows), Mac]"
"[Single player, Multiplayer, Split screen]","[Nov 15, 2005, Nov 15, 2005, Nov 15, 2005, Nov 15, 2005, Nov 15, 2005, Nov 15, 2005, Nov 15, 2005, Nov 25, 2005, Nov 25, 2005, Nov 25, 2005, Nov 25, 2005, Nov 25, 2005, Nov 11, 2005, Nov 25, 2005, Dec 22, 2005, Dec 22, 2005, Dec 22, 2005, Dec 22, 2005, Nov 22, 2005, Dec 02, 2005, Dec 10, 2005]",249a5ee7-2288-4a1c-ad4c-ba595c758a5a,"[Electronic Arts, EA Redwood Shores, EA Black Box, Sensory Sweep Studios]","[PC (Microsoft Windows), PlayStation 2, Xbox, Xbox 360, Nintendo DS, Nintendo GameCube, Game Boy Advance, PlayStation Portable]"
[Single player],"[May 05, 2017, May 05, 2017, May 05, 2017, May 05, 2017, May 05, 2017, May 18, 2017, May 18, 2017, May 05, 2017, May 05, 2017, May 05, 2017]",af97bc80-7723-4283-bfe6-916d0fb15769,"[Arkane Studios, Bethesda Softworks]","[PC (Microsoft Windows), PlayStation 4, Xbox One]"
[Single player],"[Oct 24, 2003, Nov 25, 2003, Dec 02, 2003, Dec 05, 2003, Dec 05, 2003, Oct 14, 2003, Jan 04, 2008, Apr 27, 2009, Apr 27, 2009, Apr 27, 2009, May 01, 2012]",6ba93956-45a8-4014-a57a-377893d78c0a,"[Remedy Entertainment, Rockstar Vienna, Rockstar Games]","[PC (Microsoft Windows), PlayStation 2, PlayStation 3, Xbox, Xbox 360]"
"[Multiplayer, Massively Multiplayer Online (MMO)]","[Nov 23, 2004, Nov 23, 2004, Feb 11, 2005]",ea419bf0-d16f-4624-99f5-ef6df81533e2,[Blizzard Entertainment],"[PC (Microsoft Windows), Mac]"
[Single player],"[Jun 05, 2018, Jun 05, 2018, Jun 05, 2018, Oct 29, 2019, Jun 04, 2018, Oct 28, 2019]",f62f9d86-2adb-468e-8f2e-e0532449b924,"[Dontnod Entertainment, Dontnod Eleven, Focus Home Interactive]","[PC (Microsoft Windows), PlayStation 4, Xbox One, Nintendo Switch]"
"[Single player, Multiplayer, Co-operative]","[Jan 27, 2015, Jan 27, 2015, Jan 27, 2015, Jan 26, 2015, Jan 26, 2015, Jan 26, 2015]",70ebf777-ec8d-4009-acda-f200c06d2c03,"[WB Games, Techland, Digital Scapes Studios]","[Linux, PC (Microsoft Windows), Mac, PlayStation 4, Xbox One]"
"[Single player, Multiplayer, Co-operative]","[Jan 25, 2011, Jan 25, 2011, Jan 28, 2011, Jan 25, 2011, Jan 28, 2011]",0e0cf875-77dc-4d1e-a7f9-6d8686ec264b,"[Electronic Arts, Visceral Games, Visceral Montreal, Visceral Melbourne]","[PC (Microsoft Windows), PlayStation 3, Xbox 360]"
[Single player],"[Sep 15, 2016, Sep 15, 2016, Apr 04, 2017, Apr 04, 2017]",232a1bba-6f3c-4291-bf46-70dd0b695925,"[Atlus, Atlus USA, P Studio, Deep Silver]","[PlayStation 3, PlayStation 4]"
[Single player],"[Nov 17, 2002, Feb 28, 2003, Mar 21, 2003, Apr 03, 2003]",d71a568d-7b84-439e-8519-6a79773e7981,"[Nintendo, Retro Studios]",[Nintendo GameCube]
[Single player],"[Jul 07, 2000, Nov 13, 2000, Feb 16, 2001, Jun 15, 2010, May 20, 2010, May 26, 2010]",978aa26e-372c-4136-9858-9a3f137c83a8,"[Square Electronic Arts, Square, Infogrames, Square Europe]","[PlayStation, PlayStation 3]"
[Single player],"[Jun 01, 2006, May 26, 2010, Oct 10, 2007, Dec 11, 2007, Oct 19, 2007, Oct 25, 2007, May 22, 2008, Dec 14, 2007, Dec 20, 2007, Jun 26, 2013, Oct 09, 2007, Dec 11, 2007]",30762d4c-5986-4e17-84ea-82e1f551fe74,"[Valve Corporation, CyberFront, EA Games]","[Linux, PC (Microsoft Windows), PlayStation 3, Xbox 360, Mac]"
"[Single player, Multiplayer]","[Oct 15, 1997, 1999, Feb 02, 1998]",23d9d178-a92f-45c0-9d60-e53d3016913d,"[Ensemble Studios, Microsoft, MacSoft Games]","[PC (Microsoft Windows), Mac]"
"[Single player, Multiplayer, Co-operative, Split screen]","[Oct 20, 2009, Oct 26, 2009, Dec 03, 2010, Oct 23, 2009, Feb 25, 2010, Feb 25, 2010, Oct 30, 2009, Dec 25, 2009, Oct 30, 2009, Oct 23, 2009, Oct 23, 2009, Oct 20, 2009, Oct 23, 2009, Oct 19, 2010]",39734bf3-38dc-44a1-b798-7ad0e4f74ba2,"[2K Games, CyberFront, Take-Two Interactive, Gearbox Software, Feral Interactive, Shadows in Darkness, Demiurge Studios]","[PC (Microsoft Windows), PlayStation 3, Xbox 360, Mac, Xbox One]"
"[Single player, Multiplayer]","[Oct 29, 2013, Oct 29, 2013, Oct 29, 2013, Nov 15, 2013, Nov 22, 2013, Nov 01, 2013, Oct 29, 2013, Nov 15, 2013, Nov 29, 2013, Nov 22, 2013]",5715dc06-15fd-480f-901d-febfb2e624f4,"[EA Digital Illusions CE, Electronic Arts]","[PC (Microsoft Windows), PlayStation 3, Xbox 360, PlayStation 4, Xbox One]"
[Single player],"[Jul 19, 2001, Dec 17, 2001]",1a5e6e2a-fbb7-4f2b-a1ff-9b2d3fe7e528,"[Square, Square Electronic Arts]",[PlayStation 2]
"[Single player, Multiplayer, Co-operative]","[Feb 26, 2016, Jul 29, 2016, Jul 29, 2016, Dec 13, 2016, Dec 14, 2016, Dec 14, 2016, Dec 14, 2016, Oct 05, 2017, May 22, 2018, Feb 14, 2018, Oct 24, 2018, Mar 14, 2019, Feb 26, 2016, Feb 26, 2016]",2a543d7b-fbf8-403b-9010-43eb2f78963f,"[Sickhead Games, Chucklefish Games, The Secret Police, ConcernedApe, Chucklefish Games]","[Linux, PC (Microsoft Windows), Mac, Android, iOS, PlayStation Vita, PlayStation 4, Xbox One, Nintendo Switch]"
[Single player],"[May 11, 2018]",a5c6bf23-a80d-4e68-84b7-3fc3e3fdb07b,[Anomaly Developers],[PC (Microsoft Windows)]
[Single player],"[Mar 10, 2015, Mar 10, 2015, Mar 10, 2015, Apr 21, 2017, Aug 15, 2017, Mar 10, 2015]",9e2c1e9e-eceb-4595-9327-fe5758f3a834,"[Tantalus Media, Paradox Interactive, Colossal Order]","[Linux, PC (Microsoft Windows), Mac, PlayStation 4, Xbox One]"
[Single player],"[Nov 12, 2015, Nov 12, 2015, Oct 23, 2015, Oct 23, 2015, Nov 19, 2015, Dec 15, 2020]",fc867349-6b10-460b-b0fb-877021c2b1c3,"[Ubisoft Entertainment, Ubisoft Montreal, Ubisoft Singapore, Ubisoft Annecy, Ubisoft Montpellier, Ubisoft Reflections, Ubisoft Chengdu, Ubisoft Shanghai, Ubisoft Sofia, Ubisoft Kyiv, Ubisoft Québec]","[PC (Microsoft Windows), PlayStation 4, Xbox One, Google Stadia]"
"[Single player, Multiplayer, Co-operative]","[Nov 13, 2014, Nov 13, 2014, Nov 11, 2014, Nov 11, 2014, Nov 13, 2014, Nov 11, 2014, Nov 13, 2014, Nov 13, 2014, Nov 13, 2014, Nov 20, 2014, Nov 20, 2014, Dec 15, 2020]",ebfd3533-d240-4958-9d36-dae38cb11a47,"[Ubisoft Montreal, Ubisoft Entertainment, (Archive) Ubisoft Quebec, Ubisoft Singapore, Ubisoft Toronto, Ubisoft Annecy, Ubisoft Kyiv, Ubisoft Chengdu, Ubisoft Shanghai]","[PC (Microsoft Windows), PlayStation 4, Xbox One, Google Stadia]"
"[Single player, Multiplayer, Co-operative]","[May 15, 2012, May 15, 2012, Sep 03, 2013, Sep 04, 2013, Jan 30, 2014, Sep 03, 2013, Sep 03, 2013, Sep 03, 2013, Sep 04, 2013, Aug 19, 2014, Aug 19, 2014, Aug 19, 2014, Aug 21, 2014, Aug 19, 2014, Aug 19, 2014, Aug 19, 2014, Sep 03, 2013, Sep 06, 2013]",fa57f0d0-9fef-4cb4-8d4b-1a3c8497c16b,"[Blizzard Entertainment, Square Enix]","[PC (Microsoft Windows), PlayStation 3, Xbox 360, Mac, PlayStation 4, Xbox One]"
[Single player],"[Oct 29, 1998, Oct 29, 1998]",8a7fbd20-e804-499b-960f-916cd83dd3b6,"[Black Isle Studios, Interplay Entertainment]","[PC (Microsoft Windows), Mac]"
[Single player],"[Dec 17, 2013, Dec 17, 2013, Dec 17, 2013, Dec 17, 2013, Dec 17, 2013, Dec 17, 2013, Oct 21, 2014, Oct 31, 2014, 2018, Nov 04, 2014, Jan 21, 2020, Dec 18, 2013, Jan 20, 2020]",eb1d4da7-5350-48f2-9e65-23ca181e1d9c,"[Telltale Games, Skybound Games]","[PC (Microsoft Windows), PlayStation 3, Xbox 360, Mac, iOS, PlayStation Vita, PlayStation 4, Xbox One, Ouya, Nintendo Switch]"
"[Single player, Multiplayer]","[Mar 11, 2014, Mar 11, 2014, Apr 17, 2014, Dec 15, 2014]",e3fb6ed2-be40-49e5-bdc4-74ea1e9233ac,[Blizzard Entertainment],"[PC (Microsoft Windows), Mac, Android, iOS]"
[Single player],"[Feb 15, 2019, Feb 15, 2019, Feb 15, 2019, Feb 15, 2019, Jun 18, 2021, Jun 18, 2021]",390467f7-7bf6-4a79-8675-8d4aca864d75,"[4A Games, Deep Silver]","[PC (Microsoft Windows), PlayStation 4, Xbox One, PlayStation 5, Xbox Series X|S, Google Stadia]"
[Single player],"[Mar 13, 2007, Apr 27, 2007, May 03, 2007, Oct 25, 2007]",fd958b12-e7fd-4a50-8601-918e50c0fb2a,"[Sony Computer Entertainment, Inc. (SCEI), Capcom, SIE Santa Monica Studio]",[PlayStation 2]
"[Single player, Multiplayer]","[May 23, 2010, Jun 11, 2010, May 27, 2010, Jul 01, 2010, Jan 14, 2015, Jan 15, 2015, Jan 15, 2015, Jan 13, 2015]",6377853f-d0b9-4b0a-947b-c5cd03e996ed,"[Nintendo, Nintendo EAD, Nintendo]","[Wii, Wii U]"
"[Single player, Multiplayer, Co-operative, Battle Royale]","[Dec 20, 2017, Sep 04, 2018, Dec 07, 2018, Apr 28, 2020, Sep 04, 2018]",701dd8be-0de3-4364-a06d-cddb42cd2e80,"[Bluehole Studio, Microsoft Studios, The Coalition, PUBG Corp]","[PC (Microsoft Windows), PlayStation 4, Xbox One, Google Stadia]"
[Single player],"[Oct 17, 2017, Oct 17, 2017, Oct 17, 2017, Apr 24, 2018, Feb 01, 2018]",6b7e1e23-cf4a-4050-a52c-fdaf02138588,"[Ubisoft San Francisco, Ubisoft Osaka, South Park Digital Studios, Massive Entertainment - A Ubisoft Studio, Ubisoft Entertainment]","[PC (Microsoft Windows), PlayStation 4, Xbox One, Nintendo Switch]"
"[Single player, Multiplayer, Co-operative, Split screen]","[Nov 09, 2010, Nov 09, 2010, Nov 18, 2010, Nov 09, 2010, Nov 09, 2010, Sep 01, 2011, Nov 09, 2010, Nov 09, 2010, Dec 16, 2010, Nov 09, 2010, Nov 09, 2010, Sep 27, 2012]",8fbaa776-a32c-4d23-a4f2-eaedde315863,"[Activision, Square Enix, Treyarch, Aspyr Media, n-Space]","[Wii, PC (Microsoft Windows), PlayStation 3, Xbox 360, Mac]"
"[Single player, Multiplayer, Co-operative, Split screen]","[Oct 31, 2005, Nov 01, 2005, Oct 31, 2005, Nov 01, 2005, Oct 31, 2005, Oct 31, 2005, Jan 26, 2006, Oct 31, 2005, Nov 01, 2005, Apr 06, 2006]",4ec5c443-f9fa-45a7-bd86-1f617ccf2aa5,"[Pandemic Studios, LucasArts, Savage Entertainment, Electronic Arts, Activision]","[PC (Microsoft Windows), PlayStation 2, Xbox, PlayStation Portable]"
[Single player],"[Aug 08, 2017, Aug 08, 2017, Apr 10, 2018, Apr 11, 2019, Aug 09, 2021]",6bb4db76-b42f-4927-b3f9-1a6268fc9556,[Ninja Theory],"[PC (Microsoft Windows), PlayStation 4, Xbox One, Nintendo Switch, Xbox Series X|S]"
"[Single player, Multiplayer]","[Oct 22, 2000, Dec 15, 2010, Dec 02, 1999, Dec 27, 1999, Dec 27, 1999, Dec 08, 2000, Dec 10, 1999]",c8d0cb6a-f2ee-4267-b640-14f5d30dbe60,"[id Software, Raster Productions, Bullfrog Productions, Pi Studios, Activision, Loki Software, Sega, Electronic Arts]","[Linux, PC (Microsoft Windows), Xbox 360, Mac, Dreamcast]"
[Single player],"[Dec 06, 2004, Feb 08, 2005, Feb 11, 2005, Feb 15, 2005, Feb 11, 2005, Feb 15, 2005, Feb 14, 2005, Jul 21, 2015, Jul 21, 2015, Aug 23, 2012, Dec 18, 2020]",dfb1c49f-bfe1-48ea-bfdb-a96eb54ae037,"[LucasArts, Obsidian Entertainment, Activision, Aspyr Media]","[Linux, PC (Microsoft Windows), Xbox, Mac, iOS]"
"[Single player, Multiplayer, Co-operative]","[Oct 27, 2009, Oct 27, 2009]",ffdc8a42-924c-4973-96d8-223a0e14a74f,"[GOA Games Services Ltd., Riot Games, Tencent Holdings Ltd]","[PC (Microsoft Windows), Mac]"
"[Single player, Multiplayer, Co-operative]","[Aug 30, 2013, Aug 30, 2013, Aug 30, 2013, Aug 30, 2013, Aug 30, 2013, Feb 18, 2014, Feb 18, 2014, Aug 30, 2013, Sep 03, 2013, Feb 18, 2014, Feb 21, 2014, Sep 13, 2013, Sep 03, 2013, Sep 03, 2013, Aug 30, 2013, Oct 17, 2013, Sep 12, 2017, Sep 03, 2013, Nov 23, 2021]",02d7446f-e11d-497c-a11a-252ee4f65e65,"[Ubisoft Montpellier, Ubisoft Entertainment, Ubisoft, Ubisoft]","[PC (Microsoft Windows), PlayStation 3, Xbox 360, Wii U, PlayStation Vita, PlayStation 4, Xbox One, Nintendo Switch, Google Stadia]"
[Single player],"[Oct 07, 2014, Sep 29, 2015, Oct 07, 2014, Oct 07, 2014, Oct 07, 2014, Oct 07, 2014, Oct 28, 2015, Dec 05, 2019, Dec 04, 2019]",6a331c18-09cf-4684-8e87-d2ac8102aac1,"[Sega, The Creative Assembly, Feral Interactive, Sega Europe]","[Linux, PC (Microsoft Windows), PlayStation 3, Xbox 360, Mac, PlayStation 4, Xbox One, Nintendo Switch]"
[Single player],"[Mar 16, 2010, Mar 16, 2010, Mar 16, 2010]",b243aa16-f302-4a46-910d-87b38edace93,"[4A Games, THQ]","[Linux, PC (Microsoft Windows), Xbox 360]"
"[Multiplayer, Co-operative]","[Mar 20, 2018, Mar 20, 2018, Nov 10, 2020]",e787d53f-2651-4e2b-baf8-af6bbb5aa9b9,"[Purple Lamp Studios, Rare, Xbox Game Studios]","[PC (Microsoft Windows), Xbox One, Xbox Series X|S]"
"[Single player, Multiplayer]","[Jun 28, 2012, Jun 28, 2012, Jun 28, 2012, Jun 29, 2012, Jun 29, 2012, Jun 29, 2012, Jun 29, 2012, Jun 29, 2012, Aug 30, 2012, Aug 30, 2012, Nov 07, 2013, Jun 26, 2012, Jun 26, 2012, Jun 29, 2012, Jun 26, 2012]",c5445c55-bad3-4208-8ff7-2fc51bc478fd,"[2K Games, Yager Development, Take-Two Interactive, Darkside Game Studios]","[PC (Microsoft Windows), PlayStation 3, Xbox 360, Mac]"
"[Single player, Co-operative]","[Nov 01, 2007, Nov 12, 2007, Nov 16, 2007, Nov 29, 2007, Feb 04, 2016, Feb 05, 2016, May 31, 2015, Dec 23, 2015]",1da1ca09-660f-4b3d-8c6a-98b70cd35790,"[Nintendo EAD, Nintendo, Nintendo]","[Wii, Wii U]"
[Single player],"[Feb 06, 2018, Feb 06, 2018, Feb 07, 2018, Feb 08, 2018]",04e3f3ba-ce6d-4eb7-b107-36eab2db1501,"[Sony Interactive Entertainment, Bluepoint Games, SIE Japan Studio]",[PlayStation 4]
[Single player],"[Nov 20, 2012, Nov 20, 2012, Nov 20, 2012, Nov 20, 2012, Nov 20, 2012, Nov 19, 2012]",7f2b166a-4464-40f2-a207-a6721f43aa38,"[Square Enix, IO Interactive]","[PC (Microsoft Windows), PlayStation 3, Xbox 360]"
"[Multiplayer, Co-operative]","[Jun 10, 2010, Oct 09, 2007, Nov 23, 2007, Feb 14, 2013, Oct 10, 2007]",91d20d23-c365-4fb6-8eb6-a06dedcc0069,"[Electronic Arts, Valve Corporation]","[Linux, PC (Microsoft Windows), PlayStation 3, Xbox 360, Mac]"
[Single player],"[Dec 07, 2016, Dec 06, 2016, Dec 09, 2016, Dec 06, 2016]",1c5abcfb-1b31-4c53-b6eb-879ddef22f25,"[Team Ico, Sony Interactive Entertainment, SIE Japan Studio, genDESIGN]",[PlayStation 4]
[Single player],"[Jan 29, 2019, Jan 29, 2019, Jan 25, 2019, Jan 25, 2019, Mar 30, 2021]",3d0fc9ce-130e-45f8-8803-b6c0ac67b900,"[Square Enix, Disney Interactive Studios, Square Enix]","[PC (Microsoft Windows), PlayStation 4, Xbox One]"
[Single player],"[May 14, 2013, May 14, 2013, May 14, 2013, May 17, 2013, May 14, 2013]",2f33cc88-8161-4eeb-b0e6-27a800d9de27,"[4A Games, Deep Silver]","[PC (Microsoft Windows), PlayStation 3, Xbox 360]"
[Single player],"[Apr 02, 1994, Mar 11, 1999, Mar 01, 2002, Mar 15, 2011, Mar 18, 2011, Jun 30, 2011, Mar 01, 2002, Dec 16, 2015]",ddbbfdfc-7783-4452-91da-18abcee8f791,"[SCE Australia, Square Soft, Sony Computer Entertainment Europe, Tose, Square Soft, Square Enix, Nintendo]","[Wii, PC (Microsoft Windows), PlayStation, Super Famicom]"
[Single player],"[Oct 26, 2007, Oct 30, 2007, Nov 09, 2007, Apr 11, 2008, Apr 05, 2012]",568f6987-f05c-4103-843e-d5394d4465ba,"[Atari, CD Projekt RED]","[PC (Microsoft Windows), Mac]"
[Single player],"[Nov 13, 2001, Nov 29, 2001, Mar 08, 2002, TBD, TBD, TBD, TBD, TBD]",49cfdfb3-7210-4fd5-a210-739b58d913db,"[Konami Computer Entertainment Japan, Konami]","[PC (Microsoft Windows), PlayStation 2, PlayStation 3, Xbox, Xbox 360, PlayStation Vita]"
[Single player],"[Jun 12, 2008, Jun 12, 2008, Jun 12, 2008, Jun 12, 2008]",ab71b022-0259-4bf1-95b3-768df788c9c1,"[Kojima Productions, Konami]",[PlayStation 3]
"[Single player, Multiplayer, Co-operative]","[Mar 11, 2014, Mar 14, 2014, Mar 11, 2014, Mar 14, 2014, Apr 25, 2014, Mar 13, 2014, Mar 13, 2014]",fe655e3b-ae47-4207-9e35-e9b134e8c2bf,"[FromSoftware, Bandai Namco Entertainment]","[PC (Microsoft Windows), PlayStation 3, Xbox 360]"
[Single player],"[Nov 22, 2013, Nov 22, 2013, Dec 26, 2013, Nov 23, 2013]",972ac418-c9da-4d81-b64f-9671c7f33169,"[Nintendo EAD Group No. 3, Nintendo]",[Nintendo 3DS]
[Single player],"[Sep 03, 2013, Aug 11, 2015, Oct 22, 2015, May 26, 2016, May 26, 2016, Aug 12, 2015, Jan 28, 2014, Sep 04, 2013, Sep 03, 2013, May 28, 2019, Aug 07, 2013, Mar 24, 2021]",0ac66e35-b291-47bc-bfc4-17330eee7882,"[Starbreeze Studios, Spike ChunSoft, The Workshop Entertainment, 505 Games]","[PC (Microsoft Windows), PlayStation 3, Xbox 360, Android, iOS, PlayStation 4, Xbox One, Windows Phone, Nintendo Switch]"
"[Single player, Multiplayer]","[Jun 07, 2016, Jun 07, 2016, Jun 07, 2016, Jun 10, 2016, Jun 07, 2016, Jun 07, 2016]",676e1508-98bf-40a2-b479-3e2d488b86d6,"[Electronic Arts, EA Digital Illusions CE]","[PC (Microsoft Windows), PlayStation 4, Xbox One]"
[Single player],"[Feb 21, 1986, Dec 08, 2006, Nov 19, 2006, Dec 02, 2006, Apr 12, 2012, Dec 22, 2011, Jul 05, 2012, Aug 29, 2013, Aug 28, 2013, Aug 29, 2013, Aug 22, 1987, Nov 15, 1987]",b63cd804-fb6f-4692-b63d-acbeff67d731,"[Nintendo EAD, Nintendo, Nintendo]","[Wii, Nintendo Entertainment System (NES), Nintendo 3DS, Wii U, Family Computer Disk System]"
"[Single player, Multiplayer, Co-operative, Split screen]","[Sep 30, 2003, Nov 15, 2001, Oct 10, 2003, Mar 14, 2002, Apr 25, 2002, Dec 03, 2003, Dec 03, 2003, Dec 04, 2007]",b7378a0a-18c2-44ed-bd06-b2c56f0b6842,"[Microsoft Game Studios, Bungie, MacSoft Games, Gearbox Software, Westlake Interactive]","[PC (Microsoft Windows), Xbox, Xbox 360, Mac]"
"[Single player, Multiplayer]","[Oct 25, 2013, Oct 25, 2013, Oct 25, 2013, Nov 08, 2013, Oct 25, 2013, Oct 25, 2013, Oct 25, 2013, Dec 05, 2013, Oct 25, 2013, Oct 25, 2013, Dec 05, 2013, Nov 06, 2013, Nov 08, 2013, Dec 05, 2013, Oct 25, 2013, Oct 25, 2013, Oct 16, 2013]",55e92765-61a0-4db5-b188-0df16df8f094,"[WB Games, WB Games Montréal, Splash Damage, Human Head Studios, Warner Bros. Interactive Entertainment]","[PC (Microsoft Windows), PlayStation 3, Xbox 360, iOS, Wii U]"
[Single player],"[Oct 27, 2017, Oct 27, 2017, Oct 27, 2017, Jun 29, 2018, Nov 23, 2017, Nov 23, 2017]",aa918c89-91e4-46ef-9104-daf9bdecb84e,"[id Software, Panic Button Games, MachineGames, Bethesda Softworks]","[PC (Microsoft Windows), PlayStation 4, Xbox One, Nintendo Switch]"
"[Multiplayer, Co-operative]","[Jul 18, 2013, Jul 18, 2013, Jul 09, 2013, Jul 09, 2013, Jul 09, 2013]",d34b6415-7272-456d-ba99-7d033fe9fa89,[Valve Corporation],"[Linux, PC (Microsoft Windows), Mac]"
[Single player],"[Sep 30, 1997, Sep 30, 1997, Sep 30, 1997]",cdcb577a-eb7e-4582-af9b-6fffd20bdb2f,"[Edusoft, Interplay Entertainment, Black Isle Studios]","[PC (Microsoft Windows), PC DOS, Mac]"
[Single player],"[Nov 16, 2010, Nov 30, 2003, Nov 06, 2003, Nov 12, 2003, Nov 18, 2003]",062e0d71-b052-41f8-9992-a0e654fa5906,"[Ubisoft Entertainment, Sony Computer Entertainment, Inc. (SCEI), Ubisoft Montreal, Nintendo]","[PC (Microsoft Windows), PlayStation 2, PlayStation 3, Xbox, Nintendo GameCube]"
[Single player],"[Aug 30, 2016, Aug 30, 2016, Aug 30, 2016]",aaa297fc-2f5e-4c6c-82f3-4d1372decab5,"[CD Projekt RED, CD Projekt]","[PC (Microsoft Windows), PlayStation 4, Xbox One]"
[Single player],"[Apr 26, 2012, Aug 16, 2011, May 31, 2012, Apr 07, 2015, Dec 05, 2015, Dec 12, 2016, Aug 30, 2012, Sep 13, 2018, Apr 08, 2015, Apr 07, 2015, Jul 20, 2011, Feb 14, 2013]",8d6c8c5f-effc-428f-a086-5d54e0de9992,"[BlitWorks, WB Games, Supergiant Games]","[Linux, PC (Microsoft Windows), PlayStation 3, Xbox 360, Mac, iOS, PlayStation Vita, PlayStation 4, Xbox One, Nintendo Switch]"
"[Single player, Multiplayer, Co-operative]","[Dec 01, 2020, Dec 01, 2020, Dec 01, 2015, Dec 01, 2015, Jun 30, 2021, Dec 01, 2015]",0bac79f3-8e99-4685-8c07-1dc19cab87b3,"[Ubisoft Entertainment, Ubisoft Montreal]","[PC (Microsoft Windows), PlayStation 4, Xbox One, PlayStation 5, Xbox Series X|S, Google Stadia]"
"[Single player, Multiplayer, Split screen]","[Nov 15, 2004, Nov 15, 2004, Nov 15, 2004, Nov 09, 2004, Nov 15, 2004, May 10, 2005, Nov 19, 2004, Nov 19, 2004, Nov 19, 2004, Nov 19, 2004, Nov 19, 2004, May 27, 2005, Dec 22, 2004, Dec 22, 2004]",73492dc3-d77a-4bd7-8afc-7a8e94be73b4,"[EA Black Box, Electronic Arts, Pocketeers]","[PC (Microsoft Windows), PlayStation 2, Xbox, Nintendo DS, Nintendo GameCube, Game Boy Advance]"
[Single player],"[Oct 1990, Oct 1990, Oct 1990, Sep 12, 1992, Sep 23, 1993, 1991, 1992]",ac3496bf-9c0d-4301-8a5a-d80237f85696,"[Lucasfilm Games, Lucasfilm Games, JVC Musical Industries]","[PC DOS, Mac, Amiga, Atari ST/STE, Sega CD, FM Towns]"
[Single player],"[Oct 07, 2016, Oct 07, 2016, Oct 07, 2016, May 11, 2017, Oct 07, 2016, Oct 07, 2016, Oct 07, 2016, Oct 07, 2016]",f8fc2c6f-258f-4d12-bf45-e222b912fb15,"[Hangar 13, 2K Games, Aspyr Media, Take-Two Interactive]","[PC (Microsoft Windows), Mac, PlayStation 4, Xbox One]"
"[Single player, Multiplayer, Co-operative, Split screen]","[Sep 25, 2007, Nov 11, 2014, Jul 13, 2020]",affb0afc-b3bb-4042-a50a-9f1dc56f11b7,"[Bungie, Microsoft Game Studios]","[PC (Microsoft Windows), Xbox 360, Xbox One]"
"[Single player, Multiplayer, Split screen]","[Nov 17, 2003, Nov 17, 2003, Nov 17, 2003, Nov 17, 2003, Dec 17, 2003, Nov 21, 2003, Nov 21, 2003, Nov 21, 2003, Nov 28, 2003, Jan 16, 2004, Dec 25, 2003, Dec 25, 2003]",9bd868e9-b7ca-41f1-8af7-45a372206c97,"[EA Black Box, Electronic Arts]","[PC (Microsoft Windows), PlayStation 2, Xbox, Nintendo GameCube, Game Boy Advance]"
"[Single player, Co-operative]","[Sep 14, 2018, Sep 14, 2018, Sep 14, 2018, Sep 14, 2018, Sep 14, 2018, Nov 19, 2019]",61ab2106-2894-436b-98e4-92e8a1be6cd5,"[Eidos Montréal, Feral Interactive, Nixxes Software, Square Enix, Crystal Dynamics]","[Linux, PC (Microsoft Windows), Mac, PlayStation 4, Xbox One, Google Stadia]"
"[Single player, Multiplayer, Co-operative]","[Nov 17, 2017, Nov 17, 2017, Nov 17, 2017, Nov 17, 2017, Nov 17, 2017]",2c23b707-f564-4d1d-ad9d-3333aa789088,"[EA Digital Illusions CE, Criterion Games, Electronic Arts, Motive Studios]","[PC (Microsoft Windows), PlayStation 4, Xbox One]"
[Single player],"[Aug 28, 2015, Aug 25, 2015, Aug 28, 2015]",37c49c26-bf6c-4dd7-9b6f-78e11ce45ba6,"[Supermassive Games, Sony Computer Entertainment, Inc. (SCEI)]",[PlayStation 4]
"[Single player, Multiplayer]","[Oct 09, 2012, Oct 09, 2012, Oct 09, 2012, Apr 25, 2013, Jun 19, 2014, Oct 09, 2012, Oct 12, 2012]",789e6db6-6b9b-47db-a44f-35d08ff87a61,"[2K Games, Firaxis Games, Feral Interactive]","[Linux, PC (Microsoft Windows), PlayStation 3, Xbox 360, Mac]"
[Single player],"[Aug 23, 2016, Aug 23, 2016, Aug 23, 2016, Nov 03, 2016, Aug 23, 2016, Aug 23, 2016, Aug 23, 2016]",04aedbc1-87f6-477e-9e58-278d829c06b4,"[Square Enix, Eidos Montréal]","[Linux, PC (Microsoft Windows), PlayStation 4, Xbox One]"
[Single player],"[Apr 10, 2009, May 20, 2009, Dec 14, 2010, Dec 17, 2009, Dec 17, 2009, Nov 12, 2009, Aug 06, 2008, Sep 09, 2010]",eb0d49da-b79f-4b35-ac7a-84b2bae39028,"[Number None Inc., Hothead Games, icculus.org, Number None Inc., Microsoft Game Studios]","[Linux, PC (Microsoft Windows), PlayStation 3, Xbox 360, Mac]"
[Single player],"[May 18, 2009, Apr 03, 2009, Apr 07, 2009, Jun 23, 2016, Nov 24, 2016, Apr 27, 2000, Oct 26, 2000, Nov 17, 2000]",31de586a-bc04-4230-b2ec-12c2b5d4c73e,"[Nintendo, Nintendo EAD]","[Nintendo 64, Wii, Wii U]"
"[Single player, Multiplayer]","[Nov 13, 2007, Nov 15, 2007, Nov 16, 2007, Oct 04, 2011, Oct 05, 2011, Oct 04, 2011]",db0c4ec4-b4dc-4a0a-bb62-e651303cc0b1,"[Crytek Frankfurt, Electronic Arts]","[PC (Microsoft Windows), PlayStation 3, Xbox 360]"
"[Single player, Multiplayer]","[Jul 01, 2003, Jul 04, 2003, Feb 27, 2004, Jul 04, 2003, Jul 01, 2003]",3078d2f9-39a2-45c1-8afa-68fad5c6b18d,"[Blizzard Entertainment, Sierra Entertainment, Capcom]","[PC (Microsoft Windows), Mac]"
[Multiplayer],"[Nov 14, 2018, Nov 14, 2018, Nov 14, 2018, Apr 14, 2020]",1f285caa-ca1c-4901-9f82-d9af73c48db7,"[Bethesda Game Studios, Bethesda Softworks]","[PC (Microsoft Windows), PlayStation 4, Xbox One]"
[Single player],"[Nov 25, 2014, Nov 25, 2014, Nov 25, 2014, Nov 25, 2014, Nov 26, 2014, Dec 03, 2014, Dec 03, 2014, Dec 03, 2014, Mar 17, 2015, Nov 25, 2014, Dec 11, 2014, Dec 17, 2014, Mar 24, 2021, Mar 23, 2021, Mar 23, 2021]",3fdbbb83-b09f-4f96-b5a8-480deb3b9254,"[Telltale Games, Take-Two Interactive]","[PC (Microsoft Windows), PlayStation 3, Xbox 360, Mac, Android, iOS, PlayStation 4, Xbox One, Nintendo Switch]"
"[Single player, Multiplayer]","[Oct 29, 2003, Nov 07, 2003, May 2004, 2009, 2009]",8f913bbc-113d-48db-9b04-6a900ba6bcc0,"[Infinity Ward, Activision]","[PC (Microsoft Windows), PlayStation 3, Xbox 360, Mac]"
[Single player],"[Apr 25, 2017, Apr 25, 2017, Jul 19, 2017, Jul 04, 2019, Aug 16, 2021, Aug 16, 2021, Jul 04, 2019]",e0ac26bb-5094-41b5-a387-6dc9fc574aa1,"[Giant Sparrow, Annapurna Interactive]","[PC (Microsoft Windows), Mac, iOS, PlayStation 4, Xbox One, Nintendo Switch]"
[Single player],"[Mar 18, 2010, Mar 25, 2010, Mar 19, 2010, Mar 16, 2010]",1559bc38-af12-4869-ba1c-13dfc4d8795c,"[SIE Santa Monica Studio, Sony Computer Entertainment, Inc. (SCEI), Wholesale Algorithms[]",[PlayStation 3]
"[Single player, Multiplayer]","[Nov 17, 2015, Nov 17, 2015, Nov 17, 2015, Nov 19, 2015, Nov 19, 2015, Nov 19, 2015, Nov 20, 2015, Nov 20, 2015, Nov 20, 2015]",4a876ff4-8eb4-48cc-bcf8-91191f3aa0e1,"[Electronic Arts, EA Digital Illusions CE, Criterion Games]","[PC (Microsoft Windows), PlayStation 4, Xbox One]"
"[Single player, Multiplayer, Co-operative]","[May 24, 2002, May 31, 2002, Nov 21, 2001, Dec 03, 2001]",2462a1e2-27d7-4c35-af37-eb00d5393b54,"[Nintendo, HAL Laboratory]",[Nintendo GameCube]
[Single player],"[Sep 01, 2015, Sep 01, 2015, Sep 04, 2015, Sep 04, 2015, Sep 02, 2015, Sep 02, 2015, Sep 02, 2015, Oct 20, 2016, Oct 20, 2016, Sep 04, 2015, Sep 01, 2015]",5423e1b2-1497-4f5a-82ef-340a3bd0c4f6,"[Avalanche Studios, WB Games, Feral Interactive]","[Linux, PC (Microsoft Windows), Mac, PlayStation 4, Xbox One]"
[Single player],"[Aug 13, 2012, Aug 13, 2012, Aug 13, 2012, Oct 10, 2014, Oct 14, 2014, Oct 14, 2014, Oct 10, 2014, Aug 14, 2012, Aug 17, 2012, Sep 27, 2012]",5391c256-b7d7-44db-b5b1-0868dedd0d55,"[Bandai Namco Entertainment, United Front Games, Square Enix London Studios, Square Enix]","[PC (Microsoft Windows), PlayStation 3, Xbox 360, PlayStation 4, Xbox One]"
[Single player],"[Oct 13, 2015, Oct 13, 2015, Oct 13, 2015, Oct 12, 2015]",fd10b6a6-9728-4067-a98a-e7743de8b615,[CD Projekt RED],"[PC (Microsoft Windows), PlayStation 4, Xbox One]"
[Single player],"[Dec 22, 2005, Mar 28, 2006, Sep 28, 2006, Sep 29, 2006]",1e4b8f11-e8ff-4371-bd37-3a308a5fa6b0,"[Buena Vista Games, Square Enix, Sony Computer Entertainment Europe, Square Enix]",[PlayStation 2]
"[Single player, Multiplayer, Co-operative, Split screen]","[Nov 12, 2012, Nov 13, 2012, Nov 13, 2012, Dec 20, 2012, Nov 18, 2012, Nov 30, 2012]",f25c4388-4680-465d-991c-1d01679dcca7,"[Treyarch, Activision, Square Enix]","[PC (Microsoft Windows), PlayStation 3, Xbox 360, Wii U]"
"[Single player, Multiplayer, Co-operative, Split screen]","[Nov 08, 2011, Nov 08, 2011, Nov 08, 2011, Nov 08, 2011, Nov 08, 2011, Nov 17, 2011, Nov 08, 2011, Nov 11, 2011, Nov 08, 2011]",7cb89e83-1cab-40b2-bb8b-28d5b7f84b40,"[Treyarch, Raven Software, Sledgehammer Games, Infinity Ward, Activision]","[Wii, PC (Microsoft Windows), PlayStation 3, Xbox 360]"
[Single player],"[Jan 26, 2016, Sep 13, 2016, Jan 26, 2016, Sep 21, 2017, Sep 13, 2016, Mar 08, 2017]",2c0e1254-0fd3-4e4b-bb65-3031a066e51b,"[Thekla, Inc]","[PC (Microsoft Windows), Mac, iOS, PlayStation 4, Xbox One]"
[Single player],"[Dec 01, 2015, Dec 01, 2015, Dec 01, 2015, Dec 01, 2015, Dec 01, 2015, Dec 01, 2015, Nov 30, 2015]",af6b4673-773c-4cbb-8066-51a7b1e3213e,"[Avalanche Studios, Square Enix, Human Head Studios]","[PC (Microsoft Windows), PlayStation 4, Xbox One]"
[Single player],"[Oct 08, 2013, Nov 24, 2015, Jun 18, 2020, Nov 26, 2015]",0b7948d2-ba6f-4aef-9ed3-51df0435a0f3,"[Sony Computer Entertainment, Inc. (SCEI), Quantic Dream]","[PC (Microsoft Windows), PlayStation 3, PlayStation 4]"
[Single player],"[Feb 24, 2017, Apr 11, 2017, Apr 11, 2017, Feb 24, 2017, Feb 24, 2017, Sep 25, 2018, Sep 25, 2018, Sep 25, 2018, Sep 26, 2018, Sep 27, 2018, Jun 12, 2018, Jun 13, 2018, Jun 13, 2018, Jul 12, 2019]",3b545d05-a46c-41a5-80ca-1c85d3b554db,"[Team Cherry, Team Cherry]","[Linux, PC (Microsoft Windows), Mac, PlayStation 4, Xbox One, Nintendo Switch]"
[Single player],"[Oct 04, 1995, Oct 05, 1995, TBD, Aug 05, 1995, TBD]",3b2c488e-3f4d-4fc4-b028-2d9a823a7eae,"[St. GIGA, Nintendo EAD, Nintendo]","[Super Nintendo Entertainment System (SNES), Super Famicom, Satellaview]"
"[Single player, Multiplayer, Co-operative]","[Nov 15, 2011, Nov 15, 2011, Nov 18, 2011, Nov 18, 2011, Nov 15, 2011, Nov 15, 2011, Nov 15, 2011, Nov 17, 2011, Nov 17, 2011, Nov 15, 2011, Nov 15, 2011, Nov 15, 2011, Nov 18, 2011, Nov 17, 2011, May 10, 2019, Nov 14, 2014]",2537fb4d-638d-4080-bbbe-caf965fae95c,"[Volition Inc, THQ, CyberFront, Square Enix, Deep Silver]","[PC (Microsoft Windows), PlayStation 3, Xbox 360, Nintendo Switch]"
[Single player],"[Mar 11, 2016, Mar 11, 2016, Mar 11, 2016, Jun 21, 2017, Feb 16, 2017, Sep 01, 2020]",b4ea79ff-79af-4bc8-ab01-60ac0f088fc0,"[Square Enix, Mi'pu'mi Games, Sumo Digital, Nixxes Software, Feral Interactive, IO Interactive]","[Linux, PC (Microsoft Windows), Mac, PlayStation 4, Xbox One, Google Stadia]"
[Single player],"[Jun 26, 2014, Jun 26, 2014, Jun 26, 2014, Sep 13, 2014, Oct 08, 2014, Apr 21, 2015, Apr 21, 2015, Apr 29, 2015, Jun 26, 2014, Jun 11, 2015, Jun 26, 2014, Nov 05, 2014, Apr 21, 2015, Apr 20, 2020]",9981b634-dce8-4cd0-b810-91b46393d65f,[Yacht Club Games],"[Linux, PC (Microsoft Windows), PlayStation 3, Mac, Nintendo 3DS, Wii U, PlayStation Vita, PlayStation 4, Xbox One, Nintendo Switch]"
[Single player],"[Sep 08, 2010, Nov 22, 2016, Sep 28, 2018, Sep 08, 2010, Sep 08, 2010]",23b3fdc9-bb9c-4478-985a-97d5d280e6b7,[Frictional Games],"[Linux, PC (Microsoft Windows), Mac, PlayStation 4, Xbox One]"
"[Single player, Multiplayer]","[Mar 02, 2010, Mar 02, 2010, Mar 02, 2010, Dec 16, 2010, Mar 02, 2010, Mar 05, 2010, Mar 11, 2010, Mar 02, 2010]",ae13d32c-3efa-4c90-a1ff-606162de8116,"[EA Digital Illusions CE, Electronic Arts]","[PC (Microsoft Windows), PlayStation 3, Xbox 360, iOS]"
[Single player],"[Dec 1991, Dec 1991, 1992]",b941e644-1f1a-4e6c-be38-2754e2db971f,[LucasArts],"[PC DOS, Mac, Amiga]"
"[Single player, Multiplayer, Co-operative, Massively Multiplayer Online (MMO)]","[Sep 09, 2014, Sep 09, 2014, Sep 09, 2014, Sep 09, 2014]",7f43e2e7-4f5a-4aba-81e2-83d209239930,"[Bungie, Activision, ND Games]","[PlayStation 3, Xbox 360, PlayStation 4, Xbox One]"
[Single player],"[Sep 02, 2014, Sep 04, 2014, Sep 04, 2014, Nov 17, 2017, Nov 17, 2017, Feb 17, 2015]",f6d5c97b-d7e6-42aa-8983-e6cd12cac10d,"[The Sims Studio, Maxis, Electronic Arts]","[PC (Microsoft Windows), Mac, PlayStation 4, Xbox One]"
[Single player],"[Aug 22, 2017, Aug 23, 2017]",b4d44865-d3c5-455f-bdba-39824a85f2d0,"[Naughty Dog, Sony Interactive Entertainment]",[PlayStation 4]
[Single player],"[Apr 28, 2017, Apr 28, 2017, Apr 28, 2017, Apr 28, 2017, Apr 28, 2017, Apr 28, 2017, May 18, 2018, Jun 01, 2020]",7c02017f-53e0-4962-8799-7c5bb06caf97,"[Tarsier Studios, Bandai Namco Entertainment]","[PC (Microsoft Windows), PlayStation 4, Xbox One, Nintendo Switch, Google Stadia]"
"[Single player, Multiplayer, Co-operative]","[Jun 27, 2001, Jun 29, 2001, Jun 27, 2001, Jun 29, 2001]",c0bc40aa-22a0-41b3-b072-cc85afccbb07,"[Sierra Entertainment, Blizzard Entertainment, Blizzard North]","[PC (Microsoft Windows), Mac]"
[Single player],"[Nov 16, 2004, Nov 19, 2004]",88e1c560-0320-4ddc-a85c-4bc327cd75ab,"[Troika Games, Activision, Electronic Arts]",[PC (Microsoft Windows)]
"[Single player, Multiplayer]","[Feb 28, 1999, 1999, Dec 21, 1999]",3fb97679-c70d-452b-98c9-ae37267bc67a,"[Loki Software, The 3DO Company, New World Computing]","[Linux, PC (Microsoft Windows), Mac]"
"[Single player, Multiplayer, Co-operative]","[Jun 22, 1996, Oct 31, 1997, Aug 28, 1997, Mar 24, 1998, 1998, 1998, May 24, 1998, Jul 05, 1996, Jun 22, 1996, Oct 2005, May 25, 2009]",6baa2ed2-9e0c-455e-8a80-3e2a65dd289d,"[MacSoft Games, Sega, GT Interactive, id Software, clickBOOM, Lion Entertainment, Bear Naked Productions, Pulse Interactive, PXL computers, R-Comp Interactive, id Software, Midway Games, Lobotomy Software]","[Linux, Nintendo 64, PC (Microsoft Windows), PC DOS, Mac, Amiga, Sega Saturn, Legacy Cellphone, Zeebo]"
[Single player],"[Oct 28, 1998]",4c6b8878-ae0c-4f5c-93e4-85b0137fe234,[LucasArts],[PC (Microsoft Windows)]
"[Single player, Multiplayer, Co-operative]","[Oct 28, 2016, Oct 28, 2016, Oct 28, 2016, Oct 28, 2016, Oct 28, 2016, Oct 28, 2016]",6614368f-4782-448d-8937-1870a5b3f456,"[Respawn Entertainment, Electronic Arts]","[PC (Microsoft Windows), PlayStation 4, Xbox One]"
"[Single player, Multiplayer, Co-operative, Split screen]","[Nov 11, 2008, Nov 11, 2008, Nov 11, 2008, Nov 11, 2008]",2ecbddf0-db8d-42ac-ad42-f10df326cf25,"[Treyarch, Activision, n-Space, Arkane Studios, Rebellion Developments, Exakt Entertainment]","[Wii, PC (Microsoft Windows), PlayStation 3, Xbox 360]"
"[Single player, Multiplayer, Co-operative]","[Sep 12, 2013, May 16, 2011, Jun 16, 2016, Dec 10, 2015, Aug 12, 2015, Aug 12, 2015, Nov 14, 2014, Nov 11, 2014, Aug 29, 2013, Dec 17, 2013, Jun 24, 2016, Dec 11, 2013, Sep 12, 2014, Nov 14, 2014, Dec 10, 2015, Dec 10, 2015, Jun 09, 2016, Jun 27, 2019, Mar 27, 2013, Mar 18, 2021, May 16, 2011, May 16, 2011]",0c444ab8-adef-4ab3-98db-2ac2f2a81629,"[Headup Games, Engine Software, Re-Logic, Codeglue, Engine Software, Pipeworks Studio, 505 Games, Codeglue, 505 Games]","[Linux, PC (Microsoft Windows), Xbox 360, Mac, Android, Nintendo 3DS, iOS, Wii U, PlayStation Vita, PlayStation 4, Xbox One, Windows Phone, Nintendo Switch, Google Stadia]"
"[Single player, Multiplayer, Co-operative]","[Nov 06, 2015, Nov 06, 2015, Nov 06, 2015, Nov 06, 2015, Nov 06, 2015, Nov 06, 2015, Nov 06, 2015, Nov 06, 2015, Apr 04, 2019]",af49e1c9-4821-446e-b285-e29a94e8f5b1,"[Activision, Treyarch]","[PC (Microsoft Windows), PlayStation 3, Mac, PlayStation 4, Xbox One]"
"[Single player, Multiplayer]","[TBD, TBD]",e7998951-89fe-4090-a00b-e37c05ccc37f,"[Deep Silver, Dambuster Studios]","[PlayStation 4, Xbox One]"
"[Single player, Multiplayer, Co-operative]","[Mar 25, 2014, Mar 25, 2014, Aug 19, 2014, Aug 19, 2014, Aug 19, 2014, Aug 21, 2014, Aug 21, 2014, Aug 19, 2014, Aug 19, 2014, Aug 19, 2014, Aug 19, 2014, Aug 19, 2014, Aug 19, 2014, Aug 19, 2014, Aug 19, 2014, Aug 19, 2014, Mar 25, 2014]",7becf135-e5db-414f-9ec4-43e73f42178e,"[Blizzard Entertainment, Square Enix]","[PC (Microsoft Windows), PlayStation 3, Xbox 360, Mac, PlayStation 4, Xbox One]"
[Single player],"[Jul 17, 2020]",e22b2f2d-2be8-47da-b5a2-9d09b5b4cdf4,"[Sucker Punch Productions, Sony Interactive Entertainment]",[PlayStation 4]
[Single player],"[Aug 31, 2017, Aug 31, 2017, Aug 31, 2017, Aug 31, 2017, Aug 31, 2017, Sep 13, 2018, Sep 13, 2018, Sep 19, 2018, Sep 19, 2018]",93c314e9-fc3a-410b-b1a0-8679c57e9cc2,"[Square Enix, Deck Nine]","[Linux, PC (Microsoft Windows), Mac, Android, iOS, PlayStation 4, Xbox One]"
"[Single player, Multiplayer, Co-operative, Split screen]","[Jun 22, 2015, Oct 08, 2015, Nov 21, 1992, Nov 24, 1992, Nov 24, 1992, Dec 01, 1992, Apr 20, 2011, Apr 20, 2011, Sep 12, 2007, Jun 11, 2007, Nov 18, 2012, Jun 11, 2007, Jul 06, 2007, Jun 27, 2013, Jan 26, 2011]",c9e9ef0f-dac7-4b44-b373-7a2be0af9f99,"[Sonic Team, Sega Technical Institute, Sega, Sega]","[Wii, PC (Microsoft Windows), PlayStation 3, Xbox 360, Sega Mega Drive/Genesis, Nintendo 3DS, Wii U]"
"[Single player, Multiplayer, Split screen]","[May 30, 2014, May 29, 2014, May 29, 2014]",3ed1ad1d-6bb4-48c2-83cc-9b1bb69fe1bd,"[Nintendo, Nintendo EAD Group No. 1, Retro Studios]",[Wii U]
"[Multiplayer, Co-operative, Split screen]","[Mar 23, 2018, Mar 23, 2018, Mar 23, 2018, Mar 23, 2018]",6560c1a1-59e0-4c7d-a09a-7f65fc94d365,"[Electronic Arts, Hazelight Studios]","[PC (Microsoft Windows), PlayStation 4, Xbox One]"
"[Single player, Multiplayer, Co-operative]","[Nov 18, 2008, Nov 18, 2008, Oct 27, 2010, Nov 17, 2008, Nov 17, 2008]",4ab3ae17-9df7-4006-b588-42c13fd90be9,"[Valve Corporation, Certain Affinity, Valve Corporation, Turtle Rock Studios]","[PC (Microsoft Windows), Xbox 360, Mac]"
"[Single player, Multiplayer]","[Dec 08, 2020, Mar 20, 2020, Mar 20, 2020, Mar 20, 2020, Mar 20, 2020, Jun 29, 2021, Jun 29, 2021, Jun 15, 2021]",3873ee86-7051-4af3-9cfc-0757d939b812,"[Panic Button Games, Bethesda Softworks, id Software]","[PC (Microsoft Windows), PlayStation 4, Xbox One, Nintendo Switch, PlayStation 5, Xbox Series X|S, Google Stadia]"
"[Single player, Co-operative]","[Oct 14, 2014, Sep 21, 2000, Sep 2001, Sep 29, 2000]",d481a2a7-3f80-4f86-9b3b-f4604398f21b,"[BioWare, Black Isle Studios, Interplay Entertainment, BioWare Edmonton]","[Linux, PC (Microsoft Windows), Mac]"
[Single player],"[May 26, 2006, May 26, 2006, May 26, 2006, May 26, 2006]",5e5b47e7-857b-41e8-b7e3-63183d55f604,"[IO Interactive, Eidos Interactive]","[PC (Microsoft Windows), PlayStation 2, Xbox, Xbox 360]"
"[Single player, Multiplayer, Co-operative]","[Dec 31, 1996, 1997, May 08, 1998, Mar 1998, Apr 1998, Apr 28, 1998, Jul 09, 1998]",585f8870-d28c-4a1d-b3df-b46e9237bdf6,"[Blizzard North, Climax Group, Blizzard Entertainment, Electronic Arts, Square Electronic Arts, Sourcenext]","[PC (Microsoft Windows), PlayStation, Mac]"
[Single player],"[Oct 05, 2018, Oct 05, 2018, Oct 05, 2018, Nov 19, 2019, Oct 05, 2018]",ae232952-fe6d-4594-951f-202e0a51d1cb,"[Ubisoft Entertainment, Ubisoft Singapore, Ubisoft Québec, Ubisoft Montreal, Ubisoft Bucharest, Ubisoft Shanghai, Ubisoft Chengdu, Ubisoft Kyiv, Ubisoft Philippines, Sperasoft]","[PC (Microsoft Windows), PlayStation 4, Xbox One, PlayStation 5, Google Stadia]"
"[Single player, Multiplayer, Co-operative, Split screen, Massively Multiplayer Online (MMO)]","[Aug 29, 2017, Aug 29, 2017, Aug 29, 2017, Aug 29, 2017, Aug 29, 2017, Aug 29, 2017, Aug 29, 2017, Aug 31, 2017, Feb 21, 2018, Aug 31, 2017, Jan 26, 2018, Jun 14, 2018, Jun 14, 2018, Nov 20, 2018, Aug 27, 2017, Aug 27, 2017, Aug 27, 2017, Nov 30, 2018, Sep 01, 2021]",b16246f1-ab9a-4dba-9925-5dd6d5647af5,"[Studio Wildcard, Instinct Games, Snail Games, Abstraction Games, Armature Studio, Snail Games USA]","[Linux, PC (Microsoft Windows), Mac, Android, iOS, PlayStation 4, Xbox One, Nintendo Switch, Google Stadia]"
"[Multiplayer, Co-operative]","[Feb 01, 2013, May 23, 2013]",0830ee77-b949-4cc6-8fc2-bf100bd14b99,[Koalabeast],[Web browser]
[Single player],"[Nov 11, 2003, Nov 14, 2003, Nov 19, 2003, Dec 05, 2003, Dec 02, 2003, Feb 27, 2004, Feb 27, 2004, 2003, May 13, 2008, Nov 12, 2003, Nov 12, 2003]",a920cf10-9d7f-49fa-aec9-28371bd7a101,"[Ubisoft Shanghai, Ubisoft Milan, Ubisoft Montpellier, Ubisoft]","[PC (Microsoft Windows), PlayStation 2, Xbox, Nintendo GameCube]"
[Single player],"[Oct 08, 2015, Oct 09, 2015, Oct 07, 2015]",0cc73282-545a-4695-80fe-f2780eaacdff,"[Naughty Dog, Sony Computer Entertainment, Inc. (SCEI), Bluepoint Games]",[PlayStation 4]
[Single player],"[Aug 08, 2013, Aug 08, 2013, Feb 12, 2014, Dec 12, 2014, Dec 12, 2017]",9979f0cf-2842-4041-9639-cf67187f099e,"[3909, Lucas Pope]","[Linux, PC (Microsoft Windows), Mac, iOS, PlayStation Vita]"
[Single player],"[Oct 24, 2014, Oct 24, 2014, Jan 08, 2010, Jan 05, 2010, Oct 29, 2009, Jan 07, 2010, Jan 07, 2010, Apr 11, 2017, Jan 08, 2010, Jan 05, 2010, Oct 29, 2009, Oct 25, 2014, Sep 20, 2014, Feb 16, 2018, Feb 18, 2020, Feb 18, 2020]",c150316f-f192-4354-8447-8fdc132a0e9d,"[Nex Entertainment, Bee Tribe, Sega, Platinum Games, Nintendo]","[PC (Microsoft Windows), PlayStation 3, Xbox 360, Wii U, PlayStation 4, Xbox One, Nintendo Switch]"
"[Single player, Multiplayer, Co-operative, Split screen]","[Nov 09, 2004, Nov 11, 2004, Nov 11, 2004, Nov 09, 2004, Nov 09, 2004, May 31, 2007, Jun 08, 2007, Jun 21, 2007, Nov 11, 2014]",f5df7c16-7675-4bdb-ac2d-88467a9b9afa,"[Bungie, Microsoft Game Studios, Pi Studios, Microsoft Game Studios]","[PC (Microsoft Windows), Xbox, Xbox One]"
"[Single player, Multiplayer]","[Oct 22, 1999, Oct 22, 1999, May 01, 2000, Jul 28, 2000, Dec 2000, Nov 10, 2000, Oct 27, 1999, Dec 2004, 1999]",a2591487-1961-4888-8c73-967bda7979b8,"[Rockstar Games, DMA Design, Tarantula Studios, Take-Two Interactive]","[PC (Microsoft Windows), PlayStation, Game Boy Color, Dreamcast]"
"[Single player, Multiplayer]","[Mar 22, 2011, Mar 22, 2011, Mar 25, 2011, Mar 25, 2011, Mar 22, 2011, Mar 25, 2011, Apr 01, 2011]",77c8b020-47ee-48d4-a4f7-5b4372d0438b,"[Crytek Frankfurt, Electronic Arts, Crytek UK]","[PC (Microsoft Windows), PlayStation 3, Xbox 360]"
"[Single player, Multiplayer, Co-operative]","[Sep 30, 1994, Oct 10, 1994, Jun 27, 1995, Oct 28, 2002, Nov 15, 2002, May 1995, 1995, May 1996, May 11, 2004, Jul 26, 2019, May 26, 2010]",0a020b41-7f26-4573-b769-d424cb4603c7,"[id Software, GT Interactive, Tapwave, Activision, Imagineer, Virgin Interactive Entertainment (Europe) Ltd., Torus Games, Lion Entertainment, MachineWorks Northwest, Nerve Software, LLC, Bethesda Softworks]","[PC (Microsoft Windows), Xbox 360, PC DOS, Mac, Game Boy Advance, Tapwave Zodiac, Nintendo Switch]"
"[Single player, Multiplayer]","[Nov 11, 2014, Nov 13, 2014, Mar 10, 2015, Nov 14, 2014, Nov 11, 2014, Nov 13, 2014, Mar 09, 2015]",c379dcd1-89a0-4ace-90be-77f4fb2f4225,"[Ubisoft Sofia, Ubisoft Entertainment, Ubisoft Kyiv, Ubisoft Singapore, Ubisoft Montreal, Ubisoft Chengdu, Ubisoft Milan, Ubisoft Bucharest, Ubisoft Québec]","[PC (Microsoft Windows), PlayStation 3, Xbox 360]"
[Single player],"[Nov 30, 2004, Jun 03, 2010, Dec 03, 2004, Dec 02, 2004, Dec 02, 2004, Dec 03, 2004, Dec 03, 2004]",229dd7ed-05fa-4fa3-985d-016ce8b2239a,"[Ubisoft Montreal, Ubisoft Entertainment]","[PC (Microsoft Windows), PlayStation 2, Xbox, Nintendo GameCube, iOS]"
"[Single player, Multiplayer]","[Feb 05, 2016, Feb 05, 2016, Sep 27, 2016, Sep 27, 2016, Sep 27, 2016, Sep 30, 2016, Sep 27, 2016, Apr 07, 2016, May 29, 2020, Feb 04, 2016, Feb 04, 2016, Feb 04, 2016]",0f084982-f3d8-4205-980f-74420fa1f4b9,"[Firaxis Games, 2K Games, Feral Interactive]","[Linux, PC (Microsoft Windows), Mac, PlayStation 4, Xbox One, Nintendo Switch]"
[Single player],"[May 31, 2016, May 31, 2016, May 31, 2016, May 30, 2016]",bfa0c19c-2357-4afa-8123-a8ae9e373673,[CD Projekt RED],"[PC (Microsoft Windows), PlayStation 4, Xbox One]"
[Single player],"[Sep 22, 2015, Sep 22, 2015, Sep 22, 2015, Sep 22, 2015, Sep 22, 2015, Sep 22, 2015, Dec 01, 2017, Dec 01, 2017]",c3987cd7-0850-4877-933b-8d54b67c230e,"[BlitWorks, Frictional Games]","[Linux, PC (Microsoft Windows), Mac, PlayStation 4, Xbox One]"
"[Single player, Co-operative]",[TBD],f2575883-0523-433b-838e-7f9da7930d60,"[Ubisoft Montpellier, Ubisoft Entertainment, Ubisoft Barcelona, Ubisoft Bordeaux, Ubisoft Sofia, Blue Byte]",[PC (Microsoft Windows)]
[Single player],"[Mar 08, 2011, Mar 08, 2011, Mar 10, 2011, Mar 11, 2011, Mar 11, 2011, Mar 10, 2011, Feb 02, 2012, Mar 10, 2011, Mar 08, 2011, Mar 11, 2011, Mar 08, 2011, Mar 11, 2011, Mar 30, 2011]",09520b47-6e1d-4e6a-a8d5-949abd823fb8,"[BioWare, Electronic Arts, Spike, Anakan GmbH]","[PC (Microsoft Windows), PlayStation 3, Xbox 360, Mac]"
