genres,id,title
"[Shooter, Adventure]",91d34d6a-8334-477c-aefe-a6477a710938,Grand Theft Auto V
"[Role-playing (RPG), Adventure]",5b9a141e-c865-417a-b057-68327fbd9cc3,The Witcher 3: Wild Hunt
"[Role-playing (RPG), Adventure]",e55db6de-ee15-495b-bdfd-acfa0275ba57,The Elder Scrolls V: Skyrim
"[Shooter, Racing, Adventure]",e6b788b5-2b19-48f9-a6dd-8b26b150acc1,Grand Theft Auto: San Andreas
[Role-playing (RPG)],991c2069-e0ba-4e70-88d7-71fb79d136a6,Cyberpunk 2077
"[Shooter, Platform, Puzzle, Adventure]",ac654d3b-745b-4087-912e-fa2cd60c9b59,Portal 2
[Shooter],4996489e-4bd8-40be-ac4f-9ffcf829ceab,Half-Life 2
"[Shooter, Platform, Puzzle]",006b760c-4a72-4778-92d4-9403607381d8,Portal
"[Shooter, Adventure]",e315c4d2-db8b-4fbe-bcb6-98d0c1d650cc,The Last of Us
"[Shooter, Role-playing (RPG), Simulator, Adventure]",8a1d8a9a-3ff7-4ec4-abe0-001127e0e584,Mass Effect 2
"[Shooter, Puzzle, Adventure]",18cb5a99-7379-4e25-bc38-6a02cce8b910,Half-Life
"[Platform, Adventure]",71d46f21-7f28-4a12-88ce-c41526b7c6b2,Assassin's Creed II
"[Shooter, Racing, Adventure]",9acd4764-5a97-4a8d-aaf9-335530377c75,Grand Theft Auto: Vice City
"[Shooter, Role-playing (RPG), Adventure]",98d89d5d-da3c-408e-af55-779d8884db9c,Red Dead Redemption 2
"[Shooter, Role-playing (RPG), Adventure]",143c0d9c-578c-4afd-afb3-f68f3c02e84d,BioShock
"[Shooter, Role-playing (RPG)]",58fd31d0-09f2-4393-87c7-12b6c6515200,Mass Effect
"[Role-playing (RPG), Adventure]",3d6fe8f7-4c48-4637-9847-a068a9d00500,The Legend of Zelda: Breath of the Wild
"[Hack and slash/Beat 'em up, Adventure]",c61600d7-b8ae-4bc1-ad64-fe7eb100b85c,Batman: Arkham Asylum
"[Shooter, Adventure]",628bc0c7-48d7-4680-af64-e922cb8b63f4,Far Cry 3
"[Shooter, Adventure]",675d301a-4347-4c0f-a419-e2731652c483,Bioshock Infinite
"[Shooter, Platform, Puzzle, Adventure]",6a37c17b-c3f5-4dc3-a791-9cada59a0668,Tomb Raider
"[Adventure, Arcade]",144630bf-89d6-4b0e-91a3-61240b6b9b44,Minecraft
"[Shooter, Role-playing (RPG), Adventure]",12b7cb7b-cf98-4aa5-be7b-97be449224b1,Horizon Zero Dawn
"[Shooter, Adventure]",a4fc788f-33dc-409d-8e5e-ad4e871325d5,Uncharted 4: A Thief's End
"[Platform, Puzzle, Role-playing (RPG), Adventure]",54914b82-4a4e-421c-aa76-a0ea8a3a5de6,The Legend of Zelda: Ocarina of Time
"[Hack and slash/Beat 'em up, Adventure]",3ef0555a-e572-42e6-8ff4-0cbfc7fd952e,Batman: Arkham City
"[Shooter, Role-playing (RPG), Adventure]",e1793ab7-8939-4e79-a605-1e320f51f760,Red Dead Redemption
"[Shooter, Role-playing (RPG), Adventure]",76ea637d-14cd-43ce-a506-df08210edf06,Mass Effect 3
"[Shooter, Adventure]",9005ac48-e0a1-4279-9008-bf9a4155551a,The Last of Us Part II
"[Shooter, Platform, Adventure]",383129c8-f4b6-41d0-89b2-7d30ebdc52ba,Uncharted 2: Among Thieves
"[Platform, Adventure]",21510698-6734-4c01-b30c-94bc1403f77e,Super Mario World
"[Shooter, Role-playing (RPG)]",9e2cfa03-c03b-4a2a-99b1-34dc2e07c544,Fallout 3
"[Shooter, Role-playing (RPG)]",13b12b82-b69a-4079-962a-9cfd9b545d70,Fallout: New Vegas
"[Shooter, Adventure]",87a849d4-b3f8-44cb-b0d0-79db0b1aa2fb,Watch Dogs 2
"[Role-playing (RPG), Adventure]",c051bab2-a8e8-44f8-9a59-83ae1404b5ca,Life is Strange
"[Point-and-click, Shooter, Adventure]",a66f7a54-2272-4612-b036-84b027e1ce68,The Walking Dead: Season One
"[Hack and slash/Beat 'em up, Adventure]",e867b474-a1e6-4ae8-8861-8f0e166041e1,God of War
"[Shooter, Role-playing (RPG)]",5f9b3c51-31fd-4831-ab35-54ef87589961,Fallout 4
[Shooter],f7edba52-7951-402e-8bc0-f3a7198ffcaf,Max Payne
"[Platform, Adventure]",8021a61d-6337-4941-803d-06b6dbcb17aa,Super Mario 64
[Adventure],367eaca5-8539-43d3-8e28-7ee8f5259326,Assassin's Creed: Brotherhood
"[Role-playing (RPG), Adventure]",937578ab-efcb-438f-bb24-86e830635cc4,The Elder Scrolls IV: Oblivion
"[Shooter, Adventure]",b9f5d4f5-91ce-476c-bd03-577f8c1bf633,The Last of Us Remastered
"[Shooter, Role-playing (RPG)]",85f536cc-8ea9-4a1f-b012-42bf64710eb2,Borderlands 2
"[Shooter, Simulator]",e3a2e9ad-ee07-4540-a54c-d71d11d74e4b,Call of Duty 4: Modern Warfare
"[Platform, Adventure]",44f6ab10-cc0f-4327-8c8d-a662fedf4c5c,Super Mario Bros. 3
"[Shooter, Racing, Adventure]",83154922-d3ae-472a-a85f-1462f1ad95b3,Grand Theft Auto IV
"[Shooter, Role-playing (RPG), Tactical, Adventure]",7c929bcd-b5dc-4ea4-a77d-d9397ce819f3,Destiny 2
"[Role-playing (RPG), Adventure]",beffbf20-7b47-4cd3-bf79-e603f7c5c86b,The Legend of Zelda: A Link to the Past
[Shooter],4287fba6-1f6f-40cf-bb34-3011c1323e3a,Call of Duty: WWII
"[Shooter, Strategy]",eb91f284-9500-4b91-95dd-c95624f2b864,Overwatch
"[Platform, Adventure]",91923f2d-412f-42ef-a2a7-b92c12944d60,Assassin's Creed IV: Black Flag
[Role-playing (RPG)],c5654f81-d5f3-404d-9a9f-1edd822a1dd1,Dragon Age: Origins
"[Hack and slash/Beat 'em up, Adventure]",e78d29e8-21f1-4b80-93b8-d436afa6aadd,Batman: Arkham Knight
"[Role-playing (RPG), Adventure]",2cbc3c6f-2a60-48a8-b920-09fa3d3ecc3d,The Witcher 2: Assassins of Kings
"[Shooter, Tactical]",f5838392-74a1-4b9e-ad3a-00c9ffa7136d,Counter-Strike: Global Offensive
"[Role-playing (RPG), Adventure]",72e6aaa1-09be-40c7-9280-2cabda693937,Assassin's Creed: Origins
"[Simulator, Strategy, Indie]",8a6c12b8-21e8-4897-8460-d028e6c13f7d,Totally Accurate Battle Simulator
"[Fighting, Shooter, Platform, Indie]",cd80612c-4048-4917-acd1-1d01a7f2db8a,Superfighters Deluxe
"[Strategy, Adventure]",2e3aa486-a25c-4ddd-886c-9be53fa80f59,Metal Gear Solid
"[Role-playing (RPG), Turn-based strategy (TBS), Adventure]",410b047b-353f-41c3-8615-daf02ec658df,Final Fantasy VII
"[Role-playing (RPG), Adventure]",e62f2278-29b8-4287-9707-333df930f6ba,Dishonored
"[Role-playing (RPG), Adventure]",36212cbb-48b9-4b6a-b010-aa8f05bcf389,Final Fantasy VII Remake
"[Role-playing (RPG), Adventure]",f6e899a8-672e-472c-b51d-08ac4d4d5447,Bloodborne
"[Shooter, Platform, Adventure]",681f9767-864a-4c84-aa3a-b9ced1015ee5,Uncharted 3: Drake's Deception
"[Role-playing (RPG), Adventure]",7a0ba28b-def1-4ef5-afde-bf38380bd8aa,Star Wars: Knights of the Old Republic
[Shooter],70c1919c-5ea7-437d-acfc-eb80f9a17d5d,DOOM
"[Real Time Strategy (RTS), Strategy]",ea4e9b38-6031-4027-b2f8-4a8d7978297d,Warcraft III: Reign of Chaos
[Shooter],fcab1bdd-4ff5-445e-b137-372526697579,Resident Evil 4
"[Shooter, Puzzle]",c78f54f9-63a4-404e-b573-e7026d813c44,Half-Life 2: Episode Two
"[Role-playing (RPG), Hack and slash/Beat 'em up, Adventure]",f55a2273-efbf-4e90-8877-241f4a0dff93,Middle-earth: Shadow of Mordor
[Role-playing (RPG)],fbdf6b68-5db1-43db-8f14-8d15e5780f86,Chrono Trigger
"[Simulator, Strategy, Turn-based strategy (TBS)]",f2d0505c-5d1a-43f8-86b5-3bcbebf199a3,Sid Meier's Civilization V
"[Shooter, Adventure]",9c02d565-d44b-4846-b5de-6e50e58ed179,Far Cry 5
"[Shooter, Role-playing (RPG), Strategy, Tactical, Adventure]",abaf7b6b-24cd-4eb3-ab86-10f5b6fded7e,Tom Clancy's The Division
"[Shooter, Role-playing (RPG), Adventure]",7ae580c1-2cf0-435d-a99b-01cf5267b3fd,Mass Effect: Andromeda
"[Shooter, Role-playing (RPG), Simulator, Adventure, Indie]",cb867740-af01-4dea-bb04-eeda77d3bae6,Star Citizen
"[Role-playing (RPG), Hack and slash/Beat 'em up, Adventure]",62296d7c-8651-454a-a8fe-321a9a54bade,Dark Souls
"[Shooter, Adventure]",76cfdc42-4096-4167-ae98-ad81d5e94774,Rise of the Tomb Raider
"[Platform, Adventure]",cb694fd5-4d08-459b-9341-beef40682a28,Super Mario Bros.
"[Puzzle, Role-playing (RPG), Strategy, Adventure, Indie]",5df568df-5a7c-429e-a892-71320f33bc55,Hello Neighbor
"[Shooter, Racing, Simulator, Adventure]",a05e2a02-9f24-4db3-b203-d0ef35f7f45b,Grand Theft Auto III
"[Platform, Puzzle, Adventure]",12d830c6-0314-4146-9ae3-891bab776aae,Shadow of the Colossus
"[Platform, Adventure]",2c5affa0-8926-42ff-b887-77aff87c5df8,Super Mario Odyssey
"[Role-playing (RPG), Adventure]",e7baee42-261c-44b2-9a24-367e4e1cd42c,Monster Hunter: World
"[Role-playing (RPG), Strategy, Adventure]",1db9a615-d28a-4e59-8f2f-4048ac8ad0d0,South Park: The Stick of Truth
"[Role-playing (RPG), Turn-based strategy (TBS), Adventure, Indie]",fbb80cf3-295d-46a6-8c7d-f58f9855f40a,Undertale
"[Shooter, Tactical, Adventure]",451e2196-4f06-4c6c-8816-871afd52617d,Metal Gear Solid V: The Phantom Pain
"[Platform, Adventure, Indie, Arcade]",b633224a-1851-4ec3-afdc-f776250aa4df,Cuphead
"[Role-playing (RPG), Adventure]",4e62886e-8a4d-42c4-9776-758b89f8cfdb,Kingdom Come: Deliverance
"[Platform, Adventure]",fad2577f-071c-4582-95e1-f6a156677d14,Assassin's Creed
[Shooter],e3ff4f4d-92eb-45cb-b5d3-94ff62d41e09,Dead Space
"[Shooter, Indie]",c2367674-b1cf-4b89-9b85-fa0cea1a4aec,Hotline Miami
"[Hack and slash/Beat 'em up, Adventure]",3d6808e0-5b3b-4536-b37c-c09a886445bf,Marvel's Spider-Man
"[Platform, Puzzle, Adventure, Indie]",35f98c49-6e88-46fa-aeb5-aef9f8fd7780,Limbo
[Shooter],a4afa2d7-5ae8-482c-ab54-edff78d9421b,DOOM
"[Fighting, Shooter, Racing, Adventure]",52aa6b94-9071-45f0-bd0c-fc5736c4e39b,Mafia
"[Role-playing (RPG), Tactical, Adventure]",c932c880-79c6-4a3d-acde-5edab95f3c20,Dragon Age: Inquisition
"[Role-playing (RPG), Hack and slash/Beat 'em up]",6de4562b-db39-4e8c-8576-86abddfc1ff5,Diablo II
"[Simulator, Strategy, Adventure]",77afa4c9-65ce-43cd-a5c1-44740c2f0f62,Dead by Daylight
[Shooter],d2d5d2a4-2750-4ca1-a96c-8725496427d9,Quake II
"[Shooter, Adventure]",7191f091-7c6c-464b-ac7b-525816716e13,Wolfenstein: The New Order
"[Shooter, Role-playing (RPG)]",29886967-2ca7-4862-800b-3929daab9707,Deus Ex: Human Revolution
"[Role-playing (RPG), Adventure]",85c1cf8f-f6b8-44b7-bfa7-dfdfa69ef857,Dark Souls III
"[Shooter, Tactical, Adventure]",29c34079-05f0-404c-85f4-e0cd2413d4b5,Far Cry 4
"[Puzzle, Adventure]",baca248e-5f0c-4f34-ad7d-ba5f07679aa8,Detroit: Become Human
"[Strategy, Adventure]",9b24604f-acef-4faf-a549-514a0a8ccc25,Assassin's Creed III
"[Role-playing (RPG), Hack and slash/Beat 'em up]",abc0e69c-3dba-4e3c-bed6-31b16618c375,NieR: Automata
"[Real Time Strategy (RTS), Strategy]",d48ce20d-86f8-4064-a89c-fabdc9406da8,StarCraft
"[Shooter, Role-playing (RPG), Strategy]",d9328007-3ee2-4458-a3c6-155ecc14d5ce,Fortnite
"[Role-playing (RPG), Adventure]",37e808b1-3a76-4878-8832-8fc444e68507,The Elder Scrolls III: Morrowind
"[Shooter, Role-playing (RPG), Simulator, Adventure, Indie]",882a4d71-f9ec-4e54-a543-b00452365bd7,No Man's Sky
"[Platform, Puzzle, Adventure, Indie]",48b8d863-dfd3-47a9-96a9-ec270ffe05b5,INSIDE
[Shooter],7474a741-17bf-4432-8c97-11fc7f06cb96,Call of Duty: Modern Warfare 2
"[Platform, Puzzle, Adventure, Indie]",6be9342e-59ab-463f-97a0-3eae8c9ad8f9,Ori and the Blind Forest
"[Shooter, Tactical, Adventure]",eb20429d-b906-4d28-b4fa-975d16678d63,Metal Gear Solid 3: Snake Eater
"[Real Time Strategy (RTS), Strategy]",baa22863-7dc5-4597-8e80-7a0d7094f957,Age of Empires II: The Age of Kings
"[Point-and-click, Adventure]",7b4c7353-8eab-45d3-ba02-3b5177c6596f,The Wolf Among Us
"[Adventure, Indie]",1c6cb7b5-006d-46cd-a2f7-4979e214bfbb,The Stanley Parable
[Shooter],ce060ebf-7721-4aa4-980e-94eb4011e75e,Battlefield 1
"[Shooter, Adventure]",42ca595d-189a-4652-a9d7-e6c5fc5ec52a,Days Gone
"[Strategy, Hack and slash/Beat 'em up, Adventure]",12621a35-86b8-4d30-a970-6892f444435c,God of War
"[Platform, Adventure, Indie]",587bd748-1468-4f54-84f8-64c657b0fee1,Journey
"[Shooter, Role-playing (RPG)]",a3863061-d798-4f76-9043-a140780dd496,Deus Ex
[Adventure],f2eb60e3-5eb6-4092-8435-96854981813e,Assassin's Creed: Revelations
[Shooter],0f6022ce-1c86-4e3c-8e3b-1850f54ce716,Call of Duty 2
"[Racing, Sport, Indie]",702befb6-bd16-4645-943c-7d57d423d381,Rocket League
"[Platform, Sport, Adventure, Indie]",a43ad804-bbd7-4bbc-a66a-8d522507cfbd,Fall Guys: Ultimate Knockout
"[Puzzle, Adventure]",9b27cdf3-e6e2-48db-bcb8-4e2fe4aa0113,Silent Hill 2
"[Strategy, Adventure]",a108275f-7bd3-4885-85fc-2e6d1cad82b6,L.A. Noire
"[Platform, Puzzle, Role-playing (RPG), Adventure]",1e024a73-94c5-4f75-95c6-cf9b2b6aa669,The Legend of Zelda: The Wind Waker
"[Shooter, Racing, Adventure]",3c03de27-850f-48d7-8eda-9275b0a52904,Mafia II
"[Adventure, Indie]",e83ca1ed-ceac-4d96-9019-397dc4b06bd5,Firewatch
"[Shooter, Adventure]",a0756ff5-eac8-4cec-9c6a-079ae8244f18,Resident Evil 7 biohazard
"[Shooter, Role-playing (RPG), Adventure]",c6a55d3d-0217-4d02-a6ce-5685505cd03c,Anthem
"[Shooter, Platform, Adventure]",85b4fd7b-0dfe-4e42-be41-9ede6f872803,Uncharted: Drake's Fortune
[Shooter],14b5c164-53b0-4346-a05c-f0c1b71f8697,Battlefield 3
"[Shooter, Role-playing (RPG), Adventure]",5c792eb6-0574-4bc4-8d09-c7511b972c78,BioShock 2
"[Puzzle, Strategy, Arcade]",5bef5ece-0ecc-499d-84c1-ecf1f1d79d85,Tetris
"[Role-playing (RPG), Adventure]",5405240b-0081-4641-b741-a621e2797961,Middle-earth: Shadow of War
"[Shooter, Adventure]",ff7e0c80-dfff-44bc-a66e-f79ab71fe429,Watch_Dogs
"[Shooter, Adventure]",640cdb26-9001-44b3-a05f-91981de44c7d,Alan Wake
"[Role-playing (RPG), Adventure]",2ebcbd8e-cf94-473d-a449-0d91f62b1fbf,Final Fantasy XV
[Shooter],8acfa633-352a-4c79-8753-15e10ddd6685,Max Payne 3
[Adventure],ea4837de-e27a-4a71-8a97-5b90df7e187a,Heavy Rain
"[Platform, Adventure, Indie]",54828fc9-d9aa-4e9b-b1ca-4876cb969d8e,Super Meat Boy
"[Shooter, Role-playing (RPG), Adventure]",2cd8a193-3bce-48d2-8bf3-fb85e645b902,Dishonored 2
"[Shooter, Puzzle, Tactical, Indie]",0768c5d5-590c-464d-8c83-5a405c3b2b5c,SUPERHOT
"[Shooter, Platform, Adventure]",8d33fed8-7db0-40d9-829a-6304461d10bb,Super Metroid
"[Shooter, Adventure]",54e69efc-2e31-4ffc-b1a8-3bd9709418ba,Death Stranding
[Shooter],b88dc211-cf45-452c-8208-daa306afa872,Left 4 Dead 2
"[Shooter, Platform, Adventure]",ccce25d4-f064-41aa-9996-b2dc373bcc7c,Mirror's Edge
"[Role-playing (RPG), Adventure]",77b781dc-e432-4640-8f32-14e6a70b1a53,The Legend of Zelda: Twilight Princess
"[Real Time Strategy (RTS), Strategy]",7915c7a1-48dc-4626-b2d7-b765d9fa729e,StarCraft II: Wings of Liberty
[Racing],c8613972-5a18-44f7-8976-89a94b960aa7,Need for Speed: Most Wanted
"[Shooter, Adventure]",802bcbef-3ded-4cdb-ab54-3401a0e341f9,Prey
[Shooter],7d5545bd-53ce-450e-ae42-e30e4de4f1a3,Max Payne 2: The Fall of Max Payne
"[Role-playing (RPG), Adventure]",1ad4ef0b-70cc-48c2-bafd-1a7364a8ac80,World of Warcraft
"[Role-playing (RPG), Turn-based strategy (TBS), Adventure]",e20635fd-5fb0-43eb-b4e3-d9c89e633518,Persona 5
"[Role-playing (RPG), Adventure]",53d9603f-d9d2-4675-979d-7bda48eee94d,Vampyr
"[Shooter, Role-playing (RPG), Adventure]",8268cf04-f1fb-4689-9b5e-07e8f97458ce,Dying Light
"[Shooter, Adventure]",37143618-202e-4fd5-9ce8-bf906330c820,Dead Space 2
"[Shooter, Platform, Adventure]",63951ae4-c991-409f-a3af-b4941676eafb,Metroid Prime
"[Role-playing (RPG), Turn-based strategy (TBS), Adventure]",d0a0dd99-702a-4ab3-9c47-e6ca347fad8d,Final Fantasy IX
[Shooter],c831ab51-e04c-4979-b8bc-7c1d356c4f74,Half-Life 2: Episode One
"[Real Time Strategy (RTS), Simulator, Strategy, Adventure]",5b8ad76d-71b6-46ba-bf30-15e4a8569e5a,Age of Empires
"[Shooter, Role-playing (RPG)]",b2bb9939-882d-45c5-9a25-2267a412b2dd,Borderlands
[Shooter],ce72b355-12f7-43c3-b95a-1943f1ea4d9d,Battlefield 4
"[Role-playing (RPG), Simulator, Indie]",46dfa340-b8ff-4290-8976-67114f5a1a0f,Stardew Valley
"[Role-playing (RPG), Adventure]",7044d334-2a1e-4044-9506-d6743b4c7639,Final Fantasy X
[Shooter],6b9a04d3-824d-4b21-bcec-7792fdd888ce,S.T.A.L.K.E.R.: Anomaly
"[Simulator, Strategy]",935926ae-e7e0-431a-85d2-7a7d12772a37,Cities: Skylines
[Adventure],38062d16-f3a0-4c89-a48f-1ad37855de7d,Assassin's Creed: Syndicate
[Adventure],4a1fbc2e-8eed-48df-96b9-d77918a7b96e,Assassin's Creed: Unity
"[Role-playing (RPG), Hack and slash/Beat 'em up, Adventure]",2b2179ab-9339-49ca-83c0-60ae10ad368f,Diablo III
"[Role-playing (RPG), Turn-based strategy (TBS)]",f0f39845-4e83-4b37-8fc0-1636b7eebcc7,Fallout 2
"[Point-and-click, Puzzle, Adventure]",f198f6ad-14df-40ba-92c7-ae7d135be4da,The Walking Dead: Season Two
"[Strategy, Turn-based strategy (TBS), Card & Board Game]",55025274-64ed-48bc-bdfb-4455cba7e79b,Hearthstone
"[Shooter, Adventure]",f4066346-2bc6-4db9-9df3-84cbf29a45d6,Metro Exodus
"[Platform, Hack and slash/Beat 'em up, Adventure]",7f2e612c-ad3b-4734-a3f9-9182086371ae,God of War II
"[Platform, Adventure]",4fd728fa-7719-4fd8-9bc3-959ec0adfcb7,Super Mario Galaxy 2
"[Shooter, Indie]",ad223263-ce6a-47d6-aaef-89b462c0010e,PUBG: BATTLEGROUNDS
"[Role-playing (RPG), Strategy, Adventure]",af0ede47-de08-4a94-b1b8-a1f8c31fb291,South Park: The Fractured But Whole
[Shooter],80ba5bc4-8683-4496-b165-003ef8f6f12b,Call of Duty: Black Ops
"[Shooter, Adventure]",64df2654-22d9-4472-afe7-b45ebd557264,Star Wars: Battlefront II
"[Hack and slash/Beat 'em up, Adventure, Indie]",de228587-058f-4bab-bf7b-bc23ea0a79c1,Hellblade: Senua's Sacrifice
[Shooter],31fb21c7-4be1-42ec-96e9-08c7f7213adb,Quake III Arena
"[Role-playing (RPG), Strategy, Adventure]",5eddf16b-121d-44ef-96f0-15a8ca8a4141,Star Wars: Knights of the Old Republic II - The Sith Lords
[MOBA],e8032ce0-4328-4b76-b2e0-cbb8b920d540,League of Legends
"[Platform, Adventure]",4be7022b-2d70-4b92-b5c3-019b556a1d99,Rayman Legends
[Adventure],bf0cca87-b6ac-42fe-bd5e-4efebcf589a2,Alien: Isolation
"[Shooter, Role-playing (RPG)]",96a228c0-d9e4-449f-806a-39ee262c5ad1,Metro 2033
"[Simulator, Adventure]",b50234ed-161f-426f-b828-36e9cafa4e80,Sea of Thieves
"[Shooter, Adventure]",45ad9ba7-93ce-4184-b2b2-34869a1a12d4,Spec Ops: The Line
"[Platform, Adventure]",a75820d4-0217-4ae4-946e-ffbb1207ad72,Super Mario Galaxy
"[Platform, Puzzle, Adventure]",dc5cd1ab-5a55-40dc-9a64-f9f6a9a2172a,Shadow of the Colossus
[Shooter],f0472e03-1e0b-48a2-bbd9-f4325dbf9ef0,Team Fortress 2
"[Shooter, Tactical, Adventure]",840c1761-6213-4ec7-be7a-cb55e4b96211,Hitman: Absolution
"[Platform, Puzzle, Adventure]",6c6ca142-5e55-4ce9-ad5b-af9bc5a75410,The Last Guardian
"[Role-playing (RPG), Hack and slash/Beat 'em up, Adventure]",7ad44b1f-9370-47ca-8ab4-a2befa940ca0,Kingdom Hearts III
[Shooter],3e84720c-341e-42bd-a3ad-d5cdf4ee7590,Metro: Last Light
"[Role-playing (RPG), Adventure]",b7a2a9ea-ce80-46cd-9b99-fff78e4cf503,Final Fantasy VI
"[Role-playing (RPG), Adventure]",df374526-14f2-4fb5-8212-bf6c0aeba014,The Witcher
[Adventure],9864ebf8-fcf8-4a77-a1df-30a45f535f6f,Metal Gear Solid 2: Sons of Liberty
"[Shooter, Tactical, Adventure]",7a98a86e-22db-474e-be2e-647fbe7bea13,Metal Gear Solid 4: Guns of the Patriots
"[Role-playing (RPG), Adventure]",eadfe820-67e7-4e06-807b-b7b5b56ca33d,Dark Souls II
"[Puzzle, Role-playing (RPG), Adventure]",77de75c5-e199-40d8-b077-53c58c2b4a76,The Legend of Zelda: A Link Between Worlds
"[Puzzle, Adventure, Indie]",121f41da-18d5-4691-b6c4-cc4fd7d8b5af,Brothers: A Tale of Two Sons
"[Fighting, Adventure]",da992c33-2a65-42f5-841a-ea3b02cbe697,Mirror's Edge Catalyst
[Adventure],15326c94-f8cb-4169-a161-c21bb54998e1,The Legend of Zelda
[Shooter],f743a548-67b7-4c72-8cf4-a36d4d21ee86,Halo: Combat Evolved
"[Fighting, Hack and slash/Beat 'em up, Adventure]",3c39d213-acda-4f63-ba70-70b56b5d0164,Batman: Arkham Origins
"[Shooter, Adventure]",0078a2e7-3414-4723-8f90-4994ae460727,Wolfenstein II: The New Colossus
"[Strategy, MOBA]",0d2bc987-c43f-4bbc-b147-54dd1036e74b,Dota 2
"[Role-playing (RPG), Turn-based strategy (TBS)]",82e24917-c364-4779-822c-a6531039d99e,Fallout
"[Platform, Adventure]",811f9503-4886-4eb2-bd0d-ca3ff1b807c0,Prince of Persia: The Sands of Time
"[Role-playing (RPG), Adventure]",14bc8527-8544-4b7c-9ce8-c34eb7f3f11f,The Witcher 3: Wild Hunt - Game of the Year Edition
"[Shooter, Tactical]",35d64aea-25f3-479a-a1a2-f392fa9dea96,Tom Clancy's Rainbow Six Siege
"[Role-playing (RPG), Adventure, Indie]",4f8a7055-62fc-467c-a3df-26cd842ef825,Bastion
"[Racing, Simulator]",dcf272b0-ab02-41b7-8f4b-770121cf2828,Need for Speed: Underground 2
"[Point-and-click, Puzzle, Adventure]",05871c77-09ac-4444-aca6-897eecc1e331,The Secret of Monkey Island
"[Shooter, Racing, Adventure]",fe8d72b7-0833-4221-9f9d-60c9c83c7b18,Mafia III
[Shooter],969ff11b-e0d7-41bb-aa70-2ded072af5f9,Halo 3
"[Racing, Simulator]",ef80c490-c7b7-4041-b6dc-f9651804c240,Need for Speed: Underground
"[Shooter, Adventure]",3779d4f5-2bf4-4a6b-87cb-14cdfd1a4fa6,Shadow of the Tomb Raider
"[Shooter, Adventure]",f3c802d7-1bbf-45b2-9f7c-ca6ff4fdd12e,Star Wars Battlefront II
[Adventure],b025e465-0d8d-49a4-a446-c3cb83d20d41,Until Dawn
"[Role-playing (RPG), Strategy, Turn-based strategy (TBS), Tactical]",f9162576-aa1b-4fe6-a2b8-f3554ec8d4f1,XCOM: Enemy Unknown
"[Shooter, Role-playing (RPG), Adventure]",f4fe2543-b71d-4d23-ac51-3a048fff2c42,Deus Ex: Mankind Divided
"[Platform, Puzzle, Strategy, Adventure, Indie]",33768bd7-4c2a-44c8-b040-7aebd8852963,Braid
[Adventure],4e96f671-cab8-4c1e-ab67-0d3bd9722a55,The Legend of Zelda: Majora's Mask
"[Shooter, Adventure]",42b66131-af2e-4f56-ad64-429d9e278bef,Crysis
"[Real Time Strategy (RTS), Strategy]",a0f91fce-7878-4081-807e-3340ddf51e89,Warcraft III: The Frozen Throne
"[Shooter, Role-playing (RPG)]",c338f435-c8ce-48dc-af74-b2301f9d753f,Fallout 76
[Adventure],64131736-e114-46ef-a58c-f51c1ce075e6,Tales from the Borderlands
[Shooter],55272f58-ef7d-444c-b268-39608b7421af,Call of Duty
"[Puzzle, Adventure, Indie]",0cf4c579-611b-48ea-b662-ab5de4a7dbce,What Remains of Edith Finch
"[Hack and slash/Beat 'em up, Adventure]",d4e13dc7-ccba-46f7-8453-9df8cbb412fb,God of War III
"[Shooter, Strategy, Adventure]",68c3bf2a-44ae-44e3-924e-e281314957d1,Star Wars Battlefront
"[Fighting, Platform, Hack and slash/Beat 'em up]",3b1109a0-71ac-4ebe-87a3-3ccdf2237bb3,Super Smash Bros. Melee
"[Shooter, Racing, Adventure]",2044e4e6-45bd-4ccc-a289-9faf411f5c0b,Mad Max
"[Shooter, Adventure]",15ba1c91-9bc3-4e69-b399-50abde93c2bd,Sleeping Dogs
"[Role-playing (RPG), Adventure]",8ee740f9-cde1-4f94-b04d-cf2c0a9989db,The Witcher 3: Wild Hunt - Hearts of Stone
"[Role-playing (RPG), Adventure]",006636b6-b114-4f5d-9479-30d1cfef1f37,Kingdom Hearts II
[Shooter],7cc52423-c4fb-421a-9e70-730126411f65,Call of Duty: Black Ops II
"[Shooter, Tactical, Adventure]",ea613c80-6145-4aa6-806c-00123716ba65,Call of Duty: Modern Warfare 3
"[Puzzle, Adventure, Indie]",31a27df5-d079-4648-9d73-8e73b3aa45f1,The Witness
[Adventure],0b326b29-e293-4ffa-9ff9-c1d0317a8c11,Just Cause 3
"[Platform, Hack and slash/Beat 'em up, Adventure, Indie]",54f43444-dda8-4dde-8fab-2e78cd5f5be7,Hollow Knight
[Adventure],dd1443bc-8783-4c34-8b8b-f373bd1435c0,Beyond: Two Souls
[Platform],e519202d-15bb-4a78-b0ce-693d69c9b2e9,Super Mario World 2: Yoshi's Island
"[Shooter, Racing, Adventure]",08b88357-179c-49d0-9716-352d34f68ba3,Saints Row: The Third
"[Shooter, Tactical, Adventure]",0d61b55f-484c-4804-ae31-0c5e0e8483a8,HITMAN
"[Role-playing (RPG), Simulator, Adventure]",0324585e-26a6-4f66-986f-5957eae92431,The Sims 4
"[Platform, Adventure, Indie]",dfb43c66-ae49-4594-8f74-665bfdb95bbe,Shovel Knight
"[Puzzle, Adventure, Indie]",f0eb35a9-a90e-409e-a43f-c6821ddda7a8,Amnesia: The Dark Descent
"[Shooter, Simulator, Strategy, Adventure]",a4109274-7f17-4711-88c3-cdfacb8c0dbd,Battlefield: Bad Company 2
"[Point-and-click, Puzzle, Adventure]",725ec6c5-a2cb-49a8-a816-588e005deee0,Monkey Island 2: LeChuck's Revenge
"[Shooter, Role-playing (RPG)]",ba155bf5-8240-4bd9-8c55-f6598f7bd6f0,Destiny
"[Shooter, Adventure]",886a65c7-840c-4035-8a32-795418802ce2,Uncharted: The Lost Legacy
"[Platform, Puzzle, Adventure]",9d62a3e7-2ee5-4fef-ae56-a36b0fa3350d,Little Nightmares
"[Role-playing (RPG), Hack and slash/Beat 'em up]",d64f8e92-3a51-4f72-a01c-b892c5537b3d,Diablo II: Lord of Destruction
[Role-playing (RPG)],53deffa2-507f-44b9-8873-6048a676748a,Vampire: The Masquerade - Bloodlines
"[Role-playing (RPG), Strategy, Turn-based strategy (TBS)]",ae1b981b-d8d3-4274-8585-2ab36a04288e,Heroes of Might and Magic III: The Restoration of Erathia
[Shooter],bb076147-1c4d-4c76-8dad-d6cabd0416bb,Quake
"[Point-and-click, Puzzle, Adventure]",a433c22b-6c97-4415-a594-3637919f0bd1,Grim Fandango
"[Shooter, Adventure]",856dafe5-0868-42b8-9bc2-6fd76751efdb,Titanfall 2
"[Shooter, Adventure]",a411fb34-5106-4177-8a25-dd829a3c7297,Call of Duty: World at War
"[Platform, Role-playing (RPG), Strategy, Adventure, Indie]",5383178b-0dc8-410d-bcce-13caf335efe2,Terraria
"[Shooter, Adventure]",bf830afa-d2fb-43d2-9bc1-64a4eca2e895,Call of Duty: Black Ops III
"[Shooter, Role-playing (RPG), Hack and slash/Beat 'em up]",2c8f4d23-0926-4239-90bf-27b68fc3ee27,Dead Island 2
"[Role-playing (RPG), Hack and slash/Beat 'em up, Adventure]",006d2b1f-292e-4eb2-9b78-243a25fb8f08,Diablo III: Reaper of Souls
[Adventure],42fd4445-9563-42c3-ba17-4e2f189a35d5,Ghost of Tsushima
[Adventure],ad7743d0-2cdd-455b-96fd-0e56d680c6a4,Life is Strange: Before the Storm
"[Platform, Adventure]",a66b2730-5da0-42ef-9a90-aceb7fe01dc4,Sonic the Hedgehog 2
[Racing],b4784119-ed84-4275-a8ba-140d9d1da313,Mario Kart 8
"[Adventure, Indie]",bd10fe6a-0044-4840-a06e-4a496794cd5d,A Way Out
[Shooter],76a1173b-0b5c-4477-a8fe-9ed38c2c24f7,Left 4 Dead
[Shooter],2e6b0b56-c2c0-438c-84e2-3dfc13ca181d,DOOM Eternal
[Role-playing (RPG)],af44943e-4701-447c-9881-9435ee48e9fd,Baldur's Gate II: Shadows of Amn
[Shooter],f26cc373-53ce-4b0b-8340-4c01121dc456,Hitman: Blood Money
"[Role-playing (RPG), Strategy]",13301a5d-a2b3-4c00-aa3a-c5de7c4fbd01,Diablo
"[Role-playing (RPG), Adventure]",6d6ade03-81cc-4d6e-9295-585369b6ce22,Assassin's Creed: Odyssey
"[Shooter, Role-playing (RPG), Simulator, Adventure, Indie]",afefd106-af18-4520-a094-3f3954926a86,Ark: Survival Evolved
"[Indie, Arcade]",55f11804-b198-445f-890f-09c011a69806,TagPro
"[Shooter, Adventure]",b0a4c313-1c56-4f13-8bea-4e70fb4a106a,Beyond Good & Evil
"[Shooter, Platform, Adventure]",ae672620-28ad-43cb-bb53-3a25a4b73fb4,Uncharted: The Nathan Drake Collection
"[Point-and-click, Puzzle, Role-playing (RPG), Simulator, Adventure, Indie]",e16c58a8-d68d-4347-9028-f91793b86b6e,"Papers, Please"
"[Hack and slash/Beat 'em up, Adventure]",f1bd5db3-b6c1-43ac-8487-eee192f0456c,Bayonetta
[Shooter],19516414-360f-47eb-8d1c-04a8c2961e2c,Halo 2
"[Shooter, Racing]",92337d9a-cb0e-4c0e-9324-1f9b2d8d6d61,Grand Theft Auto 2
"[Shooter, Adventure]",d81b1487-d6bf-4900-9e7c-30e8bf090dbe,Crysis 2
[Shooter],72fd5ab3-1460-43da-abe2-ec2047272bdb,DOOM II: Hell on Earth
[Adventure],61e7777f-50c2-4a3e-9032-3f8886f89a8a,Assassin's Creed: Rogue
"[Fighting, Platform, Adventure]",20fe6f31-d86c-4bdc-b502-2db67351d345,Prince of Persia: Warrior Within
"[Role-playing (RPG), Strategy, Turn-based strategy (TBS), Tactical]",4dc76e63-874e-4be0-a281-c910f737a396,XCOM 2
[Role-playing (RPG)],5beadf66-b4e1-454f-bd20-f434750b74a1,The Witcher 3: Wild Hunt - Blood and Wine
"[Adventure, Indie]",ca0d0b5f-fed0-4759-b97d-751c1f618774,SOMA
[Adventure],3f18f389-eb67-4698-9dda-f8be957714a9,Beyond Good & Evil 2
"[Role-playing (RPG), Adventure]",2307b26a-0851-47e3-81fd-3a564517fffd,Dragon Age II
