id,username,email,password
5608081d-300d-4996-8b66-e1485d81820c,graham.bednar,graham.bednar@yahoo.com,63557e6146406917b6c3f8aa8329ab32
8b18def7-11f4-4d4f-8675-e743815d6432,martin.wolf,martin.wolf@yahoo.com,cedfea8093fd0d03c4bf522769821a61
65ea5b49-0914-4bfc-8d38-014e9029c4bc,marina.jerde,marina.jerde@yahoo.com,19402bbdfc3cac0ec821e503362e60cf
8ae0da18-88b9-47e6-90f4-0e7db9c9d219,burton.hudson,burton.hudson@yahoo.com,4ee3e7d6de16d3938a3ee4eeb51e9875
3afdd927-0614-439d-b20d-9e5289da5db5,dimple.vandervort,dimple.vandervort@yahoo.com,76c2d3252afc170028a67495f4747abd
35ddcf9e-26da-40c4-aa0d-784e75ca6493,deana.wilderman,deana.wilderman@yahoo.com,4602a9c0ceeddca31eca3c8114370149
9c3ccf28-ed5d-427f-911e-234d4e450ddd,elaina.rutherford,elaina.rutherford@yahoo.com,c75d73436ce0b5861e2a182c4c91684c
d29eff28-ecf6-40a0-bd8c-80017a6bb246,moises.gutmann,moises.gutmann@yahoo.com,66c2a0ca8cba6b862eddd19fa6f8ae6d
9ace4297-69bb-4ed4-bfd2-e2a952de191b,chad.dubuque,chad.dubuque@yahoo.com,5e5abc3b3bf5e400a5c881a8cbe62b13
13f21b2a-f247-4694-8945-55e1c454f560,cherly.ryan,cherly.ryan@yahoo.com,86da1a7e35eccf7e4f13fac6c005886f
14118542-be00-49e6-be7c-ca9d24e09939,britney.abbott,britney.abbott@yahoo.com,5b112c94cb8336698ba4f161ecbd600d
0aa13226-61dd-4dd9-bb96-1cbefb5d6669,bernardo.medhurst,bernardo.medhurst@yahoo.com,bf010c2bb1c30678bd64b50515bb21ec
c7c56ecb-46f3-423b-89cc-58cdccccd869,rolanda.waelchi,rolanda.waelchi@yahoo.com,5145290400e674c9b5787b7f823f4202
38642b10-1fe2-417a-86d1-6b2311d5d4c4,rich.will,rich.will@yahoo.com,3f0706899127bd1575579afc7a039229
3b92d4a1-fa00-450e-b3d2-9e262774d295,lemuel.schinner,lemuel.schinner@yahoo.com,a365f81c41a9971bc0693ac6819c76ae
4d6219fd-596a-441b-9bbe-9f43c24a8eb7,lynell.dooley,lynell.dooley@yahoo.com,07b8a5bee2ffdb91592aa0e7dfc3257c
ece9c135-e2a8-41aa-8813-d755188ba9ba,loren.cruickshank,loren.cruickshank@yahoo.com,2484a280ff20636fdca57aa17994440a
6d01c38b-17ac-4e8a-b5df-e2903abaaed8,cecila.cartwright,cecila.cartwright@yahoo.com,1f74788229831b1729a5ce19fadce86e
643fb95f-9cc9-41ec-af76-b452fa766da2,rickey.kuphal,rickey.kuphal@yahoo.com,d75112ada652510c805204c740fbb39b
6d065dd9-871e-48e0-ad22-cc616ebdd063,suanne.borer,suanne.borer@yahoo.com,7af5ad997e91dd75e5dddb1033560a78
a1605059-d227-4275-9a91-1b2f2fed4532,aron.runolfsson,aron.runolfsson@yahoo.com,95508929c88425d3d818c0a0be688a15
7f5a396c-a29b-48df-84e9-24beb6e8aa90,danny.pollich,danny.pollich@yahoo.com,4278ac1d8801921770d14bf5dc1b8f96
5fbf1c2c-f14e-41ad-8544-a2ccbb066a07,kenneth.morissette,kenneth.morissette@yahoo.com,e16e02252849483b57f63a2056090d16
d528e55f-315a-4ebb-bbdf-15a16fe8e74b,bonny.abernathy,bonny.abernathy@yahoo.com,3b4db0aec5b87ea3bc9abbc143c7a7bf
a99c140a-0c4f-4233-908e-e9d5b56f5c00,maynard.muller,maynard.muller@yahoo.com,2dbb19f7565ae1d6873a86d851ba563b
16e84706-4e40-4f47-825d-38f22580eb94,timothy.lueilwitz,timothy.lueilwitz@yahoo.com,336ec7c60120dc851a47a70c03f1c0c6
4ef6c010-7f98-4f20-95f7-06d3a0dc6af7,alycia.senger,alycia.senger@yahoo.com,8b246c14788f6f5868a3af5d7cbf4989
b80aad46-f7bc-4651-9c39-23fc8a2b51c4,idella.dibbert,idella.dibbert@yahoo.com,7c9ce22773146584314155e46e5e6ed6
78a9fa16-9163-4159-b2b1-fd7e2ee0bfde,gabriella.kilback,gabriella.kilback@yahoo.com,dbd199599f50122ee5ac30f4eeb328af
0e98afc5-9bf5-4098-a728-8eb7c5274e8d,donald.oconnell,donald.oconnell@yahoo.com,1e5665075c418e4035197d2ad2dd387a
a238a367-5e14-46d2-9908-88e54998c03b,madonna.white,madonna.white@yahoo.com,8f1842aa8e45130546bd48b34c3da0a9
a5a28d3e-3624-4009-918c-06650d39dee2,ernie.ankunding,ernie.ankunding@yahoo.com,c1e56e4d89b2eeb26f611d6cc1df3a5e
55dec68a-f052-4392-86e5-f1f53caa127b,bertram.jenkins,bertram.jenkins@yahoo.com,de3a0e56d6450c0c886d0486f9781238
5d83fa9a-9a72-4c8e-a10f-f2b354dd5f51,chauncey.considine,chauncey.considine@yahoo.com,2dd2bddbe176d5905c9504ebba617651
883a34f7-2614-48c9-9826-0ef011db76b1,kip.sauer,kip.sauer@yahoo.com,48a1904bee0a5a8927c02d9b2a2bfb95
2579a724-247f-4bef-86d9-cb54928ad38f,kisha.bailey,kisha.bailey@yahoo.com,63994e662104741cf967937c28df232c
9307e7f2-c072-41e4-9888-c3e8941403d2,deann.rohan,deann.rohan@yahoo.com,476f06ded10b6c8646765c7f6feb7262
32af0785-bf62-4bc9-a82c-d553ce2e6143,celia.corwin,celia.corwin@yahoo.com,7ad6d40f182e9c1afce2e901b8fafcf8
85f3beb7-5231-433e-83b2-282a4086d891,warner.bogan,warner.bogan@yahoo.com,e695b1e1ab71a7ce285043aa36e8da48
c04ef7d2-d3f0-49b3-871e-a99746a9ca33,pamelia.kiehn,pamelia.kiehn@yahoo.com,3b48b1aa713e2067dc428fc2f7c9cb86
9f5d3067-855e-4c43-9170-30152d77a1b4,paul.stoltenberg,paul.stoltenberg@yahoo.com,3493eee210262ed41473eb55fe0e61cb
1438c6a0-aa3f-489d-9826-000381582731,diego.franecki,diego.franecki@yahoo.com,255c7f1864d30a5682500787c86a7fb8
01f7e18e-e2ce-4ece-bf4d-bc0cc5914633,maurine.oreilly,maurine.oreilly@yahoo.com,db44ff0019720e2bb0bfcc16906ed9bc
2d8c5df8-0b00-4d43-8820-7afcee50aa32,paul.sipes,paul.sipes@yahoo.com,27e12a1ef6e147c0e1db23266eb3e28c
3ec1897a-d178-41a6-91ca-22bd45e4d358,suzann.toy,suzann.toy@yahoo.com,ef1ec29375794973e3a5ca7d712e486b
0932d374-7a1a-4cd6-8863-fb1264654f4b,yesenia.haag,yesenia.haag@yahoo.com,0fe77047d116c14d6620c1308e3cf7c3
96657d4c-98cf-4250-9e7d-90e63a6da983,inger.kunze,inger.kunze@yahoo.com,b2b9355af6f5e4deb52918ba3642c712
d1487b78-844f-4662-a1f2-a8e0a940c4e9,darin.altenwerth,darin.altenwerth@yahoo.com,a72e7d974531a3ef415ba004a85df8e8
77138840-dd00-43d7-826b-4f32888050ee,alexis.krajcik,alexis.krajcik@yahoo.com,5257408e33bbc1d5999fc28c5c8a124f
2698ff0d-38de-4387-aefa-34f18dffaa10,shela.macejkovic,shela.macejkovic@yahoo.com,b750e171550a3d1975bd955502447676
d6e0fae1-207f-458b-9c10-ef98eedc9221,virgil.mosciski,virgil.mosciski@yahoo.com,87c4277ea26ff2d3f86cdf269bd5a5ad
e431aed0-9c41-43aa-9c46-ffcf9cc05731,lakendra.schumm,lakendra.schumm@yahoo.com,728a697f396a74ff10f3964acd1987d1
1db86f9d-f0cb-4b39-b129-f6ded97e565d,latashia.lynch,latashia.lynch@yahoo.com,fe640520d41cffabe4b5c83fe2db3807
980478c6-7645-40ff-b72f-d093e93116eb,tracie.bashirian,tracie.bashirian@yahoo.com,9f4e3a7c8e0fb94e65b416a4322fbf9d
aade7ff6-3143-48f4-9131-976d6f9094a3,carma.kassulke,carma.kassulke@yahoo.com,b4c669ea68c94c6683bc1b9516918e60
702304b7-d5ea-4c79-8399-9c1698d22187,derick.mayert,derick.mayert@yahoo.com,a24e8612b35c5f87345589959c0345ac
f9cd2eae-2bee-4090-823f-ba3658b811b9,donovan.schuppe,donovan.schuppe@yahoo.com,fdea25c6fa3e4c3e760be1a31b0d4fd1
81d8cd85-7fbc-41d1-86f9-348586c07eba,catarina.nienow,catarina.nienow@yahoo.com,b1d1cf488c3ec04ab4e36494ba016d99
cb5c6768-e0b7-44f1-8e30-0b0bcd0d8ae3,buck.bradtke,buck.bradtke@yahoo.com,191df7b22ac322c35d908f468ff15407
0a6eb8b3-d952-43b1-a063-a62bea929812,renaldo.watsica,renaldo.watsica@yahoo.com,860ff6d35ac638233e8b183f63c4e57b
192ee80b-5d91-4808-8f46-368832783ade,kia.windler,kia.windler@yahoo.com,03e4029849b1f90041e639fa6fac9297
cad24efc-1526-45ca-ad07-09bf6d6f01c5,walton.botsford,walton.botsford@yahoo.com,b2b88de708136d7e34183aca147b394f
10f1bdbe-778f-43dd-b407-6a65cbf81003,sandra.fisher,sandra.fisher@yahoo.com,92b27f7e414407806ba91293d23a5998
47e0aae8-53fd-4353-b73a-728a3c0c827a,robby.hyatt,robby.hyatt@yahoo.com,8d39d480fed8c1342bf1b7b29f779c76
700b54a5-77dd-48f6-a567-241421a6be4a,yadira.cremin,yadira.cremin@yahoo.com,b20c95979a5862caf32ae2883c25ba16
9351a09b-6aa9-4f08-b9e5-92f9c8eb4060,grisel.lehner,grisel.lehner@yahoo.com,d8b1294a826b2df38f2aa63bf07b2db5
8289aaf4-6b6e-4483-b6ad-e205ae2fdcf1,jeffry.langworth,jeffry.langworth@yahoo.com,1f03c9a1029ad6cb9bc80e43c4d20bb9
3a883393-0bc0-4a3e-94fa-32eb059e3bbf,joesph.little,joesph.little@yahoo.com,264ca7ac211c2776124c359482c3ad80
86a202b9-a9c4-4ddb-ada2-ae77eddad0f6,danyell.hane,danyell.hane@yahoo.com,9df5bac3ad541eca3b44a0d7f6e72092
6ad11e80-13e3-4bde-b1b5-e6e92b673b02,dawne.hudson,dawne.hudson@yahoo.com,002e0bec2fd6fcb86e8a810f721e1697
53f2a899-0722-4d90-906d-4076e5887c10,scot.weber,scot.weber@yahoo.com,f72e388a8d11e5d36818042cea7ada0a
668dcb02-6e95-4d16-9645-1b1297bb3057,rudolph.price,rudolph.price@yahoo.com,7093d326ff26e6607e1502dc1f6e6b16
5d30670f-32c8-49e7-916a-6d7cc3a6bf02,merri.wyman,merri.wyman@yahoo.com,645602f0b5c6f2f6958f29d642863ec8
53a55863-c609-4054-ad6d-47b742976cf5,wonda.greenfelder,wonda.greenfelder@yahoo.com,f5a437c182d8b844ad47289422cb92b1
774152ef-5db2-48cf-8ab5-3354c1e4a9e3,stephan.veum,stephan.veum@yahoo.com,ba2853ebdba4b5d115fe1effa827174c
3c48fc96-6afe-4b36-b249-b0a0ee38cbdd,norris.hagenes,norris.hagenes@yahoo.com,bd2e4db528c7318f20e869a546e0fd3f
70a9234e-6c25-426e-9cb3-6dd01d3095a1,melvin.champlin,melvin.champlin@yahoo.com,0675f85a56f861a6695417a827bd9498
1b55a470-dd93-4231-88ff-1141825296b6,ramiro.littel,ramiro.littel@yahoo.com,256f9594ccdf33a18b35054e7d3ea387
e4c64dbb-ede3-4831-965f-1a18efe445c2,frank.bradtke,frank.bradtke@yahoo.com,0c58c45d023e7613016c3a8dae1f1c31
c3502da7-62c1-423e-8a13-f6a1b223a2e6,wanita.renner,wanita.renner@yahoo.com,f2729fd704ba05f60c89c500f93aeaf7
74deeda1-a198-4cd7-b995-1c2c1ed63813,caridad.dooley,caridad.dooley@yahoo.com,9a13fdf19f0a911320772436ed5f80e2
669a2fd8-9f3c-4b0e-8f27-79f660945dbb,forest.hilpert,forest.hilpert@yahoo.com,eb53051b634215da1f2bd5e0e3f42220
8b35a072-5256-49d5-bf31-aea23ef59df5,alberto.hirthe,alberto.hirthe@yahoo.com,efc3c3c9ca817c59206f9c5b23dd9902
d1836411-5d63-48b0-a665-bf30eeafea83,alden.upton,alden.upton@yahoo.com,386b4c30d86184c63d2ed2b62927a9de
66f90dfe-d1c4-4c84-b5c1-a411e2f26aa6,andres.nitzsche,andres.nitzsche@yahoo.com,aaf41ec36f7867c645b6df892914e6d7
36db76e7-474c-4208-a430-13f0064dc590,quiana.klocko,quiana.klocko@yahoo.com,16b733dfab4b738e47a60b61906c1961
43d33a55-6ed4-4372-abc5-6e18bf728a3c,karlene.kihn,karlene.kihn@yahoo.com,e1587af70f1bf0410018ea576beabafe
9e973c7f-ffb5-4416-bd24-42333f04cca1,courtney.jacobson,courtney.jacobson@yahoo.com,e03b03599c071eb2376bfdfa5a4ad3c7
f1d331aa-9e90-4242-ae59-605209817be2,micheline.labadie,micheline.labadie@yahoo.com,99cc115c833f2a439eb43b0e0687ec06
9a8f94eb-fd50-4b93-a64c-3a72213eac13,andrew.stehr,andrew.stehr@yahoo.com,aa41d8d118977f57fde6166ce8d12441
4968c41c-209e-4c02-b786-4c3073e79cf7,freida.goldner,freida.goldner@yahoo.com,80d1a67eda252f784c0ee619966da6e1
c21dfcc5-3ffb-43a5-b36f-a4194aa08855,elenore.morar,elenore.morar@yahoo.com,802a0fb2c789d53de9193d5531bbc57b
3f5dd9e2-fa59-451f-835d-91323a1af9f2,zelda.heathcote,zelda.heathcote@yahoo.com,9cb7d55b61ad6106e64284733fa297b8
85d4bb37-7f5b-42a3-8461-935e60267c67,jennine.damore,jennine.damore@yahoo.com,24d0951d5aee793a62c6a0ce0969b45b
51f691c0-b051-4901-b2c1-43bc7a3320a6,monroe.feil,monroe.feil@yahoo.com,6373603f5c972879ee0b9c6567f32f5a
24175b5c-8adf-4f65-bd99-c765738e2ef5,tamera.douglas,tamera.douglas@yahoo.com,0a873247f22344e22af4fd2411e23ea8
6dba725b-d40f-46df-8e5f-40923d6df366,darcey.gaylord,darcey.gaylord@yahoo.com,98df53f59cb1a42df94c730cf7f88979
0244736e-58f4-41b9-88c1-2fc2d73fdf6c,scotty.runte,scotty.runte@yahoo.com,df7fe4d2656d07f9f79c165e1c24c8b8
e85bc57f-2409-4408-91f5-7f29735a1bd4,edmond.gusikowski,edmond.gusikowski@yahoo.com,444f9598f42a121092ec6c0ab3311c4f
0176aa17-7155-4a9b-9ad9-a2b6865f3394,emmett.ruecker,emmett.ruecker@yahoo.com,3bc411539583dfc40923e563e4b3fc26
b46929f7-bbf2-478a-837b-764f10ec9133,shandra.wilderman,shandra.wilderman@yahoo.com,8189c27fde104b77d840fd247dbe375c
4cd14469-b965-42ec-87f2-319dfc0a8e2a,daina.koss,daina.koss@yahoo.com,ca1585a18a6139f0d971e78fe1e78b71
7ec70f5d-bce9-4f00-9618-7e72692582d2,kattie.howe,kattie.howe@yahoo.com,57baa9f811e3ae6b277f14992cb1e23c
1bc2b861-41a9-4551-970a-aa9f2dd67d1b,lonnie.cartwright,lonnie.cartwright@yahoo.com,664c545114029a3491b47c3722ee74c2
5a410a7b-1672-412e-9216-7e7079abd3cf,louella.beer,louella.beer@yahoo.com,ba3331c9944aa3a3bb65eabf0490a9a7
1ac0765d-9904-462d-b33c-228def03b055,ellis.kozey,ellis.kozey@yahoo.com,94e505ffa7f375186a43e2a951a975f5
6b661083-0433-4f19-96ae-ee5ea42efa02,aracely.crona,aracely.crona@yahoo.com,4a535480f39200c8f74c344e48a9a169
6cef7d28-fede-4da8-9f30-8080971b50dd,stacee.herman,stacee.herman@yahoo.com,965c52a32c77aa58ea6f52451b95486a
13cc000e-157d-4959-bfe1-70d059bc1378,ross.wilderman,ross.wilderman@yahoo.com,bee08b6b0c7bdc76ad8543c480d512a6
9db18d75-988a-4638-8ee8-8a772ad5dc58,susanne.murphy,susanne.murphy@yahoo.com,8d8c811874a29915bf88fa86fa79f71c
2b5e5396-0627-4e03-ac0a-b2afdf4b81ce,echo.funk,echo.funk@yahoo.com,4979025a5e275719331d5b620ef7b71e
e34a0289-bfaa-4c7e-a76d-7b772e7ac5b3,harold.becker,harold.becker@yahoo.com,b4a6222610cc03b5f4c5b970cad498be
2afce38f-f354-475a-820e-e6a4f0fc5554,roberta.schulist,roberta.schulist@yahoo.com,568f69c20c2c7c7250d0b737632f358e
43879098-92d5-434a-849c-c79f94aeb9e8,maxie.gusikowski,maxie.gusikowski@yahoo.com,999cc864e7c3c39c109c3a1eabf21927
91cb8867-898a-4c94-aa70-bdbaa3cdc938,jeanelle.donnelly,jeanelle.donnelly@yahoo.com,aa4e4bf65c3578cc46c72a8a96c65ab9
ac52f361-8381-477c-8107-5cfc5b4f12ec,mabel.toy,mabel.toy@yahoo.com,fb8c5060f5cf33b6aee2026caf5a4c98
dc49c7ae-24b5-46df-99da-58d709c5016c,rolland.ferry,rolland.ferry@yahoo.com,5748172705304a67654ca7f427810e80
a53107dc-a907-4398-b170-76a5634aa235,ofelia.zemlak,ofelia.zemlak@yahoo.com,08bea66877084d2e9fcffe8905a93d01
ebc06008-3b59-459f-853b-c7d1ddce6c23,frederick.ankunding,frederick.ankunding@yahoo.com,3bf9a13be8c8dce247f23b3ad7677c9c
30be96d7-9727-4902-b768-b7aba5a757fe,mariano.grady,mariano.grady@yahoo.com,38e736beadde98efe1f71c9e3f2c67a9
55510a13-8db9-4fe6-b6f9-75850c7c99c5,gerardo.strosin,gerardo.strosin@yahoo.com,59a771530d9948d304558ef9350c45e2
317a5c2a-f266-4402-b6e2-7103b1fe6fd4,rod.nader,rod.nader@yahoo.com,eb49bb4612328e09278bf1150ac51f90
fbf0417a-6b59-46c0-9e27-a13569b7bbfe,paris.schiller,paris.schiller@yahoo.com,42f0bd07b5a7776280a1ce6bd025e416
3dbee770-6266-48a4-ae61-1fa443a029d8,joselyn.williamson,joselyn.williamson@yahoo.com,338cfb8221b859485362ecaa9189fd0d
3e226339-470d-4150-99d8-bc18ecc4f9b7,bernie.bechtelar,bernie.bechtelar@yahoo.com,a1a23240f0376719282beb0ee3f9fa5f
1e9a2b6d-7527-43be-8220-1914652f6ef8,euna.muller,euna.muller@yahoo.com,c925dd1b5c727e2e3d84faeee66c77bd
42fa38eb-0a65-4157-bd8f-d32e60a81055,ema.jones,ema.jones@yahoo.com,81befe3da87b3813b83952b50553686a
26bdd00f-db63-429b-9396-172691d6d6ca,meridith.gusikowski,meridith.gusikowski@yahoo.com,7ef39aaf8c4f7a5430a94ff245248464
3f619078-0eb2-4d95-995f-bf80b14a93d8,yadira.stanton,yadira.stanton@yahoo.com,0d67525eec3b539705d48c7c7077e724
a3541300-0000-4c68-ac2d-cbc699f2cd97,coretta.upton,coretta.upton@yahoo.com,fef801e522851a0b1d28e84acb9a1e11
b82aea90-7659-4849-a251-2db8e72c74c9,harvey.schowalter,harvey.schowalter@yahoo.com,c0427f835120f661ce5374d0d672a8af
6a0954ae-4e1d-4b0a-aeef-bdbe82e25a09,neal.windler,neal.windler@yahoo.com,ce278c63bf08dc5cafe14562f878e3f7
62e166ca-3f3d-4bf4-856b-3b4a49074035,glenn.stanton,glenn.stanton@yahoo.com,dae9afdfb54a46cacfde4206c7840a9e
c3d6eccb-1ded-4f11-82be-3c3fbb1efff5,stewart.heaney,stewart.heaney@yahoo.com,96e0bedc0d08fb8510b2ad415d6d4e69
98d5516b-5fb9-46b1-93a4-b3028b7e1fcb,blake.heaney,blake.heaney@yahoo.com,bd68d288ff7d7caa29b4111983ba3371
f32cf43f-71a9-4055-a0a7-6c62e65c4113,alysa.doyle,alysa.doyle@yahoo.com,06a87365d26aa5b589131f727dfa484f
941ff737-843f-4992-a4f9-956aaae97095,analisa.dubuque,analisa.dubuque@yahoo.com,89aecbb4cbb7feb2bb4bb8c96265cf32
f4334860-b3a3-4a93-957b-7c5a31a3af5c,buddy.johns,buddy.johns@yahoo.com,0f1e714c2ebc3c3e5509a1b24a4de87c
8ffa243d-6673-4832-b871-7727a8916325,collene.wunsch,collene.wunsch@yahoo.com,ef474ed936cc92a690875975df3b4dc4
164bf340-b74c-449b-a07a-4cf6393d5238,leo.lind,leo.lind@yahoo.com,1ecdc3f71a5829983875a3db8aa88911
1b35da9f-1638-4f86-9716-2243c7bcaf87,valentine.corwin,valentine.corwin@yahoo.com,b43cb410bab6ae6e8e28b74c5c54b8ae
34c22b84-5e75-4ea1-b52a-e7827e34f127,iluminada.welch,iluminada.welch@yahoo.com,0d7d91a7240bbe9f4bd4579b9cc0cc09
c0ddbd36-06af-4267-a367-7483c41df4a3,brigid.abernathy,brigid.abernathy@yahoo.com,cc01fb391be176ab186b42039239960f
e09ec552-457a-49b3-b903-4f0038a2bb23,brianne.schaden,brianne.schaden@yahoo.com,4e81e6e41ccfa6dda6acfe793910737e
754438b6-5790-44de-a03e-d248cf5edb04,tomasa.wolf,tomasa.wolf@yahoo.com,be738c0efd25362cc8d98653eb140b21
4659dbd2-967b-4bda-9f47-3918766050f2,richard.stroman,richard.stroman@yahoo.com,c76edc30f2df3a0cd617620837796537
24a84147-7d3b-43eb-9c54-60a0c1ffe1ef,leslie.botsford,leslie.botsford@yahoo.com,2b9c77e7a4ae0f35db03dea6bcfb390a
9a6bdb7c-2bea-459b-8568-ba75d8b586a8,david.dibbert,david.dibbert@yahoo.com,7ff767ba88df636ddb56d2221a15865a
aa713d1f-ec83-4147-b1c4-299157707a63,samatha.hammes,samatha.hammes@yahoo.com,67d1682b7951c8b219834e310b12e99c
dec6e2ad-7f43-40a3-9d56-16397add29b2,andreas.kerluke,andreas.kerluke@yahoo.com,fa524a84eeb2449259cc4e5424750e3b
19ff6400-ee31-435d-bccd-4ff60786bd28,murray.oconner,murray.oconner@yahoo.com,6bbf45bfa225953f025a5e2317c8fb69
58561caf-04fe-4405-b35b-f35dc5c2dff6,jenine.feil,jenine.feil@yahoo.com,7fb96f445e55874f24a43334e969b233
e95d407d-0bf4-4047-a3a3-f287296f204a,sherron.hilll,sherron.hilll@yahoo.com,843e7de6046654a9a1b10eea0a4269b1
c0fe74d4-c3c6-4fe0-956f-67c90ba6c1d3,steve.schaden,steve.schaden@yahoo.com,660793a18d8adb8e0b92c817bc83611d
524b0a47-97ff-4fd9-a085-5cacde789f52,craig.west,craig.west@yahoo.com,59f78d15512f4dc8a4ee0a2a706f9f2d
4b9a44a1-4730-42ad-8516-fe8463af526e,adrian.ziemann,adrian.ziemann@yahoo.com,eb1516cbf38f29b917db1d51579edae3
04dc31e5-d89a-4e9b-ae3d-fc18db446bf9,donita.strosin,donita.strosin@yahoo.com,83535cfa18cb73ba5e4e63cb80b9e6d0
1615d5b0-1823-40d1-af8b-c6aaed366ea0,windy.heathcote,windy.heathcote@yahoo.com,305ce8227f82bedd63cee0d9580c9b3a
9d91b0c6-56f4-4414-94ff-65eb4ea6f499,joelle.stokes,joelle.stokes@yahoo.com,b6237b75cbcefb408aa58865d9da4699
fbfb29f0-e07e-4adf-87d6-10e318fc3186,fredia.kunze,fredia.kunze@yahoo.com,9d56540a4e0b77bcd5b4de3e34bb6ede
cc5a220a-15a9-4af8-bb81-ece27bd5bcf5,chi.quigley,chi.quigley@yahoo.com,d16a51fe05a59efb43443aad0df85629
4c36ab17-7e7f-4eb6-b36a-4905492ed7fa,jamison.hilpert,jamison.hilpert@yahoo.com,b356b30881b0f9905b794c8a50315f9b
df882941-23d7-4fa1-843f-d1be7de64836,leonor.bogisich,leonor.bogisich@yahoo.com,6dc2b7f3380d08e513d1fce62d023cad
fe49b75d-0c12-4259-bc00-64ebf387e2b3,avery.tillman,avery.tillman@yahoo.com,ac097263c7304e7243201e16c498a309
5bc41513-2b6f-4d95-858b-f0a0b6ac2e49,deb.glover,deb.glover@yahoo.com,3d54fa9f8d4afc08f305419736128c65
8024ed61-7d71-476a-83c3-e932965ef2be,tracy.pacocha,tracy.pacocha@yahoo.com,16526519d5142cccc80a8f667440ce13
51723726-deb1-491b-a2bb-f8de2ba92fc0,evelin.stracke,evelin.stracke@yahoo.com,45e41fe59e3536c7e54c2a2db64d735c
6c94c6fc-4dfb-4870-a3d0-4f91c8b64d71,patrick.ward,patrick.ward@yahoo.com,e54468fbed59cedf899d9691c34fe4c6
770e7793-8d02-4f72-9902-b59e29ce4582,lenard.braun,lenard.braun@yahoo.com,dcb55ca513116e12594e6bfccde9de0d
a5ee94e9-aa60-46cb-b393-38b8d5828063,jae.johns,jae.johns@yahoo.com,1aacdc9f58116a999fa91b9b1a30810a
da53d438-291b-47fa-996f-b44c5257b386,carmen.wiza,carmen.wiza@yahoo.com,6a5871f19d825541b8c8ba9e227bbc78
5a8e538c-52a7-492a-a746-48ea5650c18e,denese.rosenbaum,denese.rosenbaum@yahoo.com,758faf68e6e6435e38a35fd00630c262
fcd80471-cb33-4ddb-8d7e-b66a36af2a3b,jacklyn.yundt,jacklyn.yundt@yahoo.com,856d78e1729f20675f1638cff702ef0e
570d0691-a4c2-491e-8634-bcc40553d832,donald.corwin,donald.corwin@yahoo.com,4fa7a7e6ab5b6983eac4ac3a549e8804
d7ca4527-4549-4951-887b-b282f9cead9b,tuan.reilly,tuan.reilly@yahoo.com,f2435921d59fd36b048e068fa878dafe
3625fc33-f0d6-4b7a-9662-f3299bfdc8f7,alexis.ritchie,alexis.ritchie@yahoo.com,f76c8cd552d1cab368ae7dfdbd16e288
bec6d2b5-aca2-4762-b2c6-2cc00202295f,awilda.schaden,awilda.schaden@yahoo.com,1919b90f0b64c38f441661c4d75978bb
cc521f8e-d668-44b7-8a25-544d8ede0a11,meghann.harber,meghann.harber@yahoo.com,1e4762f9f2e58342b5ad5454df7cc16e
c18f6a0a-6372-4c32-b85b-051de3cffc08,jacob.treutel,jacob.treutel@yahoo.com,a33cd1868344bb4899db8ac280115ac1
8815211a-c776-4b29-a34f-fa9f385361ca,candace.marquardt,candace.marquardt@yahoo.com,64ba00febb73dffa7caeaf0b033eb86d
46c61910-1b00-4df6-8ffe-04554fefc3b8,lonny.hane,lonny.hane@yahoo.com,713cfd652a350c2d222d9cef033be626
0f15dd9c-7c27-4a6a-897c-5c221a639ce5,katie.moore,katie.moore@yahoo.com,fbdb737445a6ac5e9deea939b65ebf82
e7c04079-5b0e-4576-9217-f11b40fbdbf7,mario.gutkowski,mario.gutkowski@yahoo.com,bf16d809b953d55938f1b8de7054adfa
b9d6fb1f-d2c7-412a-9ac7-1e541084ff6e,marya.williamson,marya.williamson@yahoo.com,ca07cc8f6cb13098d0837e3221fe05c4
3330be08-1db7-4014-965e-02afbfacdc54,bradley.hand,bradley.hand@yahoo.com,e0853790bab9d5243de3638cb81ae8b3
f3581a1c-d21d-4d2e-baeb-4ecba43bef4b,ellsworth.denesik,ellsworth.denesik@yahoo.com,e81dc6b249231edb30793c5cf3780d61
b66a17e6-43eb-47d8-b388-4cfa2344ec54,arletha.medhurst,arletha.medhurst@yahoo.com,ed6018a503f12a159271f42edf3161b2
0e27dad0-29b5-45e2-a945-8d82d7496c67,katrice.herman,katrice.herman@yahoo.com,f0c30ee7abd64ace60ff8e78411df217
48684c5f-8df6-4322-a598-8d9081f55f2e,moises.considine,moises.considine@yahoo.com,86bc91f266957f07b03a2bb123c76533
0a8a12ac-a486-477b-a3e6-514a4d6a3386,nada.corwin,nada.corwin@yahoo.com,a3783c8a9cfa91167c804e28730d3b3d
b44ac688-fc7b-49fe-8e1c-934835048992,lonnie.weber,lonnie.weber@yahoo.com,9f1a5cafcb1fc89c1c81cbf72bdfdafe
3cc9ef1f-1eca-45bd-a874-006792075033,roxie.kub,roxie.kub@yahoo.com,594b7aa142bb72fa666a8cb9f82ef054
39051819-3070-4964-a8ea-747ec28f9972,karlyn.rogahn,karlyn.rogahn@yahoo.com,c53c8d28f286ceae4a6f1648f738fa99
0b7f1c7e-d0c3-41b3-b678-5b4d76a21336,fidela.hoeger,fidela.hoeger@yahoo.com,550ed6da4cf7bc35ae6e160b504dba4f
e2453cf9-3255-406c-8065-4c65b1cf77a8,bradly.botsford,bradly.botsford@yahoo.com,577eb10b4fae54557ec8f3874a2ee41f
d1394d74-d911-4c02-8496-647e412a115a,wilbur.luettgen,wilbur.luettgen@yahoo.com,ff1042406b9d0b903a09f2d21d958519
33505c44-fda3-46db-bbab-ee8ac498a4ae,robby.walsh,robby.walsh@yahoo.com,c0c2b1a13309676a23ae1ffd9e7c6907
bee09f1c-a939-4dd2-9701-08dbf6b1e984,ezra.quitzon,ezra.quitzon@yahoo.com,83a3d3292a65d1430d7881952ae0a401
4b6c4e13-d324-47af-8a8d-e10db4971959,valentina.spinka,valentina.spinka@yahoo.com,7e54ab47a507799d79f39f62b0e28424
0a50713c-e4b5-4b1e-968e-c893ab7c84e3,tena.pagac,tena.pagac@yahoo.com,af06bffe1c107f6d6cebbae26c8e8792
753dec7b-1e2f-49d4-a359-9f3ac641930d,delphine.armstrong,delphine.armstrong@yahoo.com,a1cd59a6e955c73f70e3bbc2e5fccdd7
220e6c0d-8e94-4703-a5fa-ebd3992db4a4,tobias.feeney,tobias.feeney@yahoo.com,03bb04754e42500cd425fc73fa82a859
32466c12-06de-42f0-b390-3aa3beaff99e,trinh.trantow,trinh.trantow@yahoo.com,4eae261adedf71e846f35ef624f3f9d2
0896f84e-f7d3-4476-a7a5-010e0f4a7a26,russ.roob,russ.roob@yahoo.com,982d6cbadc6e9658315fe0be9cdab646
232187e0-797c-497d-8b5b-a4bf256965b3,prince.stanton,prince.stanton@yahoo.com,2ad876624c28d28d949041bd8df4bfa9
6beeec6a-4b68-40cb-bff2-3c25a0ac5448,bertram.heathcote,bertram.heathcote@yahoo.com,f43fc16a0e7e7d3a335633497a822341
98ef567e-954f-4e91-941e-c3734a3b6b65,valentine.towne,valentine.towne@yahoo.com,ecb5c33f1d1eb817fc1adeb6addc02e3
685632fc-3df6-4f14-8a82-3bd06550f1e8,rhona.smith,rhona.smith@yahoo.com,a7f2595b47201f1bc7b1197d3b768f32
dc4d0a66-ae48-41cd-8ea3-603be8bc7142,chastity.kemmer,chastity.kemmer@yahoo.com,baceaec6844d66e091f058ee16bdf48d
75f71dab-930c-4b19-8834-bbccdff74679,buck.waters,buck.waters@yahoo.com,8743956d24a29c77291eddd275abe034
291a7f85-9d9e-472f-95ac-38e3e1744414,jarrod.feeney,jarrod.feeney@yahoo.com,5414d0e836ce4ef102be34c79ac1c3cb
5f9758a1-7f08-4881-97c8-3fa910fb9a8b,domingo.larkin,domingo.larkin@yahoo.com,8926efc08bab9ac2161b1d9020b6d0cf
5adf82b3-7cdd-49e2-abde-b0e090621f43,reinaldo.cole,reinaldo.cole@yahoo.com,056453c92cf6ec8c5085c32b9ade74dc
fdd3bdba-7cb1-42cf-80ef-17eb94eabba2,zofia.collins,zofia.collins@yahoo.com,11e6658d808381c8b5011b8adf781e25
385b0352-2c9f-4e2e-827d-44a89ab1f8e3,laci.roob,laci.roob@yahoo.com,fd23f58751bb7e575b9cc2322ffb2b8b
713b9ef9-625c-4091-888d-c1608d5e866e,alphonse.connelly,alphonse.connelly@yahoo.com,14c142d8e0cf22ca9a68bc9494f37263
f1eb35c3-ad4b-46d3-919c-fa9569f4f6e0,mickey.jenkins,mickey.jenkins@yahoo.com,f0f757ff6dab24f0bad3d32925b27a6f
3d3ecda3-a905-4cab-a1fa-ba363c5259b9,norris.murray,norris.murray@yahoo.com,ffba7391ea65f2a8b34a16e182334145
66cc92f9-5c36-451d-b70b-95e6e5511371,vernita.wolff,vernita.wolff@yahoo.com,8b95503951f680223c9a5401392579c2
0a33e7ef-4f5a-4ce1-809e-c7dea66568e2,johnathan.wolff,johnathan.wolff@yahoo.com,f39e9c5deb9c8db363f8169956d297f8
625828c4-180d-4dc2-a8a7-d3ef5104e2a1,isis.jerde,isis.jerde@yahoo.com,f126b18fe68053610a0879091359b636
d1c7ad23-6c06-493d-b325-8b767b570604,leeanna.effertz,leeanna.effertz@yahoo.com,b2842b5503a258366a1670eedefd96ee
289680cf-4427-4e97-b94f-f3414ba26176,iva.jakubowski,iva.jakubowski@yahoo.com,2f54fd4c044875d2dd268cff0da3da86
09f05ebe-fe3c-41ae-b114-5665df62fa1a,freeman.towne,freeman.towne@yahoo.com,a65f9df62f1535579f1e2c47bd93e94a
998c61b0-46f6-4d9f-bac3-8244b29a9a0f,jacques.will,jacques.will@yahoo.com,17faccf218cd8b1da4cc23ae6eff01d8
c7546da9-f778-4dd3-aa8c-f3f0aa7a6a13,jamie.robel,jamie.robel@yahoo.com,18a4065822b3b2e620d9f308c4214159
4a6764c8-a1e0-4eb0-a802-95b670ba85ee,sanjuanita.champlin,sanjuanita.champlin@yahoo.com,af3c80cf0c8f3deece4db1cfcba25257
a8568fc5-a4a7-4b3e-a8f4-13a1c20e6818,josue.dietrich,josue.dietrich@yahoo.com,3d8a6d9d3be123156ca579998c37e69b
8d309fb7-993b-46a8-95cb-abee4f14ecda,emmitt.stokes,emmitt.stokes@yahoo.com,db879e951ad9724c7a82948e696dd2b8
a39f4a83-532e-47d8-80c6-8537636e3bd9,elayne.cassin,elayne.cassin@yahoo.com,72f07d399e997ab200fef19296e319d2
baaa25c7-e6bf-417f-9d81-4a4dcea3a21a,roland.schiller,roland.schiller@yahoo.com,a09de69a3958e6458e1ae3f313577022
a60743f6-0dd5-43e7-936b-af67c76a4db5,linn.bruen,linn.bruen@yahoo.com,8f207ea860003d713115e44ee2f695b2
cfba4ca2-e6f3-4506-9c6f-211eded5a0b4,ollie.barrows,ollie.barrows@yahoo.com,3fa3912bb003682ca0abfea56a8aac51
10cde730-80dd-4335-8808-9a8bd2151502,fausto.kertzmann,fausto.kertzmann@yahoo.com,cc0f1e32c3b0e996b3fb0ae84b5dff51
4d14e2f3-7134-41d5-afbe-077ba8a4a5dc,errol.heaney,errol.heaney@yahoo.com,a75d939a4bced4b2dd06590db7e87c29
c774746b-7bac-4e69-b385-5b8f374f837b,ezekiel.gislason,ezekiel.gislason@yahoo.com,4fbcaae9b12474bc1cea566bca26a78a
611b99c5-6979-43d6-884e-7dd68a570963,art.kuhic,art.kuhic@yahoo.com,070dc89c2991747f776dd39715acc841
e287556b-1356-4567-b509-567e00a53722,harrison.rohan,harrison.rohan@yahoo.com,ed32e87ec678c517487f5b610010364c
c10f4149-7a22-408f-9d46-6b0fca573a79,susann.bailey,susann.bailey@yahoo.com,e04ac246d091518858883e6b6228d0f7
dca2b1ac-9099-4c0a-be75-0c0781bb8f6a,loren.bernier,loren.bernier@yahoo.com,b4282a3b046663428df80c428c2fc849
896a909a-be27-42a6-9456-f472fc42aece,mickey.nader,mickey.nader@yahoo.com,ec06158c311244400e306e921239502a
6df39226-a0d3-47b6-be2c-fd1c5764157a,trinidad.tillman,trinidad.tillman@yahoo.com,a0a73d69d8e912a2194e482d18f35d3e
4481062e-20f0-40b1-979b-ef15150b922d,corazon.kub,corazon.kub@yahoo.com,5c932b8959626592f5f7dad341ec0c9d
fb6bb603-edfd-4116-b0f8-b6c492809fd9,rafael.brown,rafael.brown@yahoo.com,6e79902ccbf90127e2c683b7f46577b0
4bab54c4-0fc7-4b24-97ce-4871fca1f021,glendora.wiza,glendora.wiza@yahoo.com,839c0c919d74da17172b08f2fd7054f1
1c1a0543-9191-46a8-a20f-7089d5f433c0,teddy.kshlerin,teddy.kshlerin@yahoo.com,c39e4866b89acb108427e690b0a08b9b
60771186-4f46-47e5-8672-5d08e5ff6dad,daniel.berge,daniel.berge@yahoo.com,78ff9771fb58f3c7301b26ac617996e5
a3198be2-435a-4192-907e-1db37f9d93c5,cole.robel,cole.robel@yahoo.com,f7079833ae0c915153dc67ad9ff889db
2523b220-5864-4220-8659-b6c8e68f4991,floria.hackett,floria.hackett@yahoo.com,54860d9decc557c95f2c6f93b928c13f
5c7c7b2d-c5cd-4f72-895c-285b2daa9a9f,robin.oberbrunner,robin.oberbrunner@yahoo.com,2a042370a7d96f3a2b873c22ecb554f2
8c035ad7-220c-4b7f-aaeb-136547a5c0bf,cornelius.west,cornelius.west@yahoo.com,06078e2af19dd0c031ac4491c5c542d4
6957a710-4821-466b-a570-b136c04b6fd0,adelia.rogahn,adelia.rogahn@yahoo.com,1f4ba2e3b2166a3e9e8cd0fd8528bbaf
2a0f10c4-f28b-4515-9d6c-a76fff162c6a,emogene.wisozk,emogene.wisozk@yahoo.com,e09294d4ea7ed5194e777d5936740767
e8eabf01-4712-4e2f-b4df-8a4316b5452c,britany.parker,britany.parker@yahoo.com,ca619b52b6358d9c5bd4b96c6940a58c
1fb05453-3a5a-4f9e-bb47-8a3c922d19cb,isreal.kessler,isreal.kessler@yahoo.com,a0bb059f0031dfb66232e200a9ccec4c
a0281a57-b820-400f-bf7b-f507ddb31185,kris.russel,kris.russel@yahoo.com,92a3ef560c5132a88c51105aca9339a6
56fc85d8-ee53-47ac-b084-ed7605dcbf3c,jamie.carroll,jamie.carroll@yahoo.com,f7cd73ca392042b46217ffd8150a94c2
cb1b6345-aca2-4114-87d1-ad537a4b9fb3,lang.deckow,lang.deckow@yahoo.com,fd0f88d7500fb8d0b632ea0bc3c0e340
b2be55c3-cf24-409b-9d46-c21f756f7e40,armando.larson,armando.larson@yahoo.com,525f79f42b8fccd3edc589a4df45515b
5ca94ba9-cc33-4a19-a9e2-4830caecf4ac,darrell.trantow,darrell.trantow@yahoo.com,a156448d50d756e6ed7e8139e411f65a
ab22416a-42c8-46af-86e9-ca3cc251b113,alejandro.grimes,alejandro.grimes@yahoo.com,2c188e592ec3d1761833c6b5231e7a55
8f8d5a52-1d12-4e3f-9521-bfdd4f668a9d,diedra.shanahan,diedra.shanahan@yahoo.com,b70634c776b8d29593dcccfd84da2689
ca94914a-0749-4af9-9d76-7b7241c3c1cd,cornell.langosh,cornell.langosh@yahoo.com,f7bcb8d0eed0516e8a20345b8f015455
c7244ec3-01c7-4864-8f14-1613aae220dd,carina.upton,carina.upton@yahoo.com,3c39b37302f9b85f2fed7b7110ece660
fa756315-d1ac-4971-9dcb-fb625145717e,peter.ullrich,peter.ullrich@yahoo.com,dbe0538c3f340a2f20053fe361d55065
5b55ba09-d363-4c64-b9a1-a42a8dfa9aa0,virgil.homenick,virgil.homenick@yahoo.com,7814e1bb24cb8aeae333ff85ed0923d7
d85e9ba8-4611-4c5f-9ea6-bf74ba91f295,marcellus.kub,marcellus.kub@yahoo.com,74342082ce8a5838625f269b03c2bd97
c4a5cf89-6ccd-4177-805a-a1e06cd091ab,clemente.huel,clemente.huel@yahoo.com,9f2deef6d79f93c41e9942cd862497f6
8930a800-219a-486c-85a2-13297e793b74,shelli.kutch,shelli.kutch@yahoo.com,98f9f217d4c8166405315ea550d014a9
5503946e-2426-4458-8166-010d645faaf3,cathleen.jacobi,cathleen.jacobi@yahoo.com,c73eb135f1c1a196fcff653b2c01021e
668e3bd0-6c44-4cb8-ae2c-3d8a4a8b64b4,rolf.corwin,rolf.corwin@yahoo.com,fdedd41e8b8ad50ade6e3872ef5121e0
3aec59ba-653c-493c-841a-b78024bd4df4,pinkie.haag,pinkie.haag@yahoo.com,76f36de06c2e9ec4ddee7cd4aac906d2
dba74495-3544-460a-bc8a-1c636636e37a,erin.kling,erin.kling@yahoo.com,ace795862939b402ee49dbf752f7500b
8fb2aae9-5c84-433f-9eb5-1e1676687689,jeramy.klocko,jeramy.klocko@yahoo.com,bc47310f9885fa86c09d527bcfa4d55d
e63bdd3e-2048-48b0-b9f6-abf1ed2b7e14,vella.veum,vella.veum@yahoo.com,8f0034dcb6712756aa1a9909dd05ec7b
aa45943c-e76d-4220-8e04-e453d435e5c3,alverta.rath,alverta.rath@yahoo.com,ecc819bb3e8d0d1846203730030b163a
19e2647e-705a-4125-8266-45b22d5fd567,merlene.schroeder,merlene.schroeder@yahoo.com,1f771b9ef8562a25fa752b72ab17cf6a
71427bfb-c908-4bc0-ad7e-bbbcb40dff5f,sade.herzog,sade.herzog@yahoo.com,974b1bcac8f1cf7ebe1bb974a642cf6b
09c33acc-7d1d-4236-a15c-673622c0b14a,mercedes.macejkovic,mercedes.macejkovic@yahoo.com,4e9f39522e4e39281636787fb1ab94d3
2ab4d000-c1b8-4fb4-bad1-1f98f0d2e169,maegan.brakus,maegan.brakus@yahoo.com,f9a5271a2e5152fb838b06e3821cc4b1
9b4e43ab-2bc4-4784-9b60-63c1672a1b24,carlo.goldner,carlo.goldner@yahoo.com,6bdebe77bdbf356e12bf01b6b91adbd4
0d4d0d42-b45e-41a7-966a-52e68e096bd2,ahmad.wolf,ahmad.wolf@yahoo.com,e53679dc83c028f6cac6c99056ca4b8d
7d01bfc8-be4b-4fef-a5c6-715d5156b0f6,jane.stamm,jane.stamm@yahoo.com,092d3bd686472d96759fa025257f5195
12038876-02a9-4ca1-89a2-607b8a6b9b3e,salvador.kub,salvador.kub@yahoo.com,2aeb560db2b44ffb6dc718d91ebf6bbf
b13d559b-002b-45cc-bc3a-6408394520b6,quinn.walker,quinn.walker@yahoo.com,6bdff85ff8df8ad2a95ac5d3d6ff1597
748cbb0d-b0c0-4a81-88c1-c3572f85fb68,chester.johnston,chester.johnston@yahoo.com,ed791b93cd29579980e002a68072fc93
a700e16f-6776-4baf-93a8-80bc51b578a9,lucas.waters,lucas.waters@yahoo.com,0c6acaf73c34142a3ae4c5ba997c2b7c
f9b7930f-75f8-42db-9ae3-ed9d308a233c,hyman.ohara,hyman.ohara@yahoo.com,ce0fc5337e36eac67bab64692eb3834a
c4b0230a-f8d4-47cf-a032-698e6fdd8e02,dirk.harris,dirk.harris@yahoo.com,86d3edb4082cc6e9f95f0cc0bac57fd9
f25aa552-1f29-44ba-ac43-8e7281d34717,judi.leannon,judi.leannon@yahoo.com,fa4aa0a7d462074f93d70fb5943cde94
95041849-9c0f-4633-9ebe-d349f4292f2c,conrad.christiansen,conrad.christiansen@yahoo.com,fad992f4baf630ea8bdf2475d0208772
25c4cfaf-6ede-4db8-9c61-f2c73b9c205a,tinisha.gorczany,tinisha.gorczany@yahoo.com,720f8bcf4f5bf2c8d6067ba2e295dec6
0f2c8520-a36a-43b2-af00-befe89fc4202,jamey.zboncak,jamey.zboncak@yahoo.com,56fe5df729eb0341414b2ff44269958a
4118a427-65bc-4e3b-b9b8-717c7ebd035f,tresa.hansen,tresa.hansen@yahoo.com,44392a50b64e14e88e2780799fc9d4f8
46859ba8-15dc-48e3-90c2-e5077506af28,oswaldo.kemmer,oswaldo.kemmer@yahoo.com,d526d6607886de5c63bf52a7b56167ba
aeb959d0-a020-4bfa-8683-5c06f9aca3ed,karlene.daniel,karlene.daniel@yahoo.com,77aee6658a5927fd1a454649978cb470
ec444d1c-d2d5-49ff-906b-5a3daade2dc6,arthur.wolf,arthur.wolf@yahoo.com,b25f00d537de3d0c10daee5ad322c37a
417e7f07-f3bd-4a87-bc4c-d9b7ca4d9fce,terry.schumm,terry.schumm@yahoo.com,92985ceb3c483a72da0d02b22489a36e
6e63b49b-e9c0-446a-80d7-39847865ff96,priscilla.reinger,priscilla.reinger@yahoo.com,b5ff1854102c3a7381059493c9c8ee7d
1bf27da6-5155-435e-a88e-438f7f0989df,riley.gleason,riley.gleason@yahoo.com,519ef987c480e9582632abd3e899357e
2a9e5b58-0138-4efd-be0a-4a87564e1f60,buck.christiansen,buck.christiansen@yahoo.com,773756599487dc6eae557c5fc9b8d51b
d06954d1-928c-415a-85d3-54f9dfbdf64d,david.mraz,david.mraz@yahoo.com,33893429e00b53584a51cdb4bb4f2b5f
5be6051c-ee38-40e1-8671-d7c177f10add,august.wiegand,august.wiegand@yahoo.com,47c866ada3a5c374b482421bdd0b7334
089b9325-bacf-4418-b545-f68c0500ed16,carlota.strosin,carlota.strosin@yahoo.com,d2b5ce6d17f4238e88c4a1d892dd7e00
48d4b0be-157a-4acb-9573-0d5de53459c2,andre.schuppe,andre.schuppe@yahoo.com,b2c4b17b3dd1d9bcb11209626f26962a
dcd447c8-0811-49ea-8841-d0bd9fb11bc7,alonzo.dach,alonzo.dach@yahoo.com,aa658ee8d9190a2fca3a9c8a6290dc0d
3ab9b156-4e52-471b-97df-c15c29fc5a0c,jacklyn.wolff,jacklyn.wolff@yahoo.com,a19a9eabac48cfa0987041c14305ab16
0179615c-1b70-428c-8be1-72bf108dcb0e,albertina.becker,albertina.becker@yahoo.com,b10ed1b7027b7c89a4f89ee2abb655f2
0bf33a17-1e12-4d25-b636-4cc5ab917573,fe.torp,fe.torp@yahoo.com,b1e38c47b9fe79bd98204db7a965b981
57b3d09e-dffc-43b5-9001-0d6edcf98435,zena.denesik,zena.denesik@yahoo.com,3f958d5ece003387921d3aaa64a69a4d
671eb230-3049-4bc2-b222-7983ea587e63,hedy.christiansen,hedy.christiansen@yahoo.com,e206ea942b816c50d5a42a7fea0ca6d1
72d7a4e3-f706-4e9f-aa9c-c1b46b886234,darlena.braun,darlena.braun@yahoo.com,660973fc568a45163c6c1f63062059d4
0c40c030-1f5f-483b-9625-5b2a18bc847a,avery.bartoletti,avery.bartoletti@yahoo.com,ddfacb69660fd04be9021cb7106cce29
45027377-ad42-4cf0-8c5f-650cea4c1a30,veda.erdman,veda.erdman@yahoo.com,85c94e69eb34c1a01801044e2cd189e9
0baf1798-b28e-47e2-b91e-0f23177d9047,lucio.macejkovic,lucio.macejkovic@yahoo.com,f060db8ec501a2ab9e9395a8ed306233
ecd9e7ef-fe7f-4ee8-bc1b-76135f5dcf94,valentine.wolff,valentine.wolff@yahoo.com,7184be00afc23e7973ea3ac7fb3c60ec
9f76d489-3978-4931-ac9a-4d800887ae90,dirk.sauer,dirk.sauer@yahoo.com,f178fead3f0eca061d035528b5540fae
e6852483-46ce-4bc4-92a8-62851002cbbd,madelyn.balistreri,madelyn.balistreri@yahoo.com,ea594247481554082190bad6c3f7e771
3f387a5a-819a-4ffb-adb5-9026d7041f6e,quintin.schinner,quintin.schinner@yahoo.com,8afd48cdf586dc200d99662ab2c885ee
77757dea-bde8-4bde-ae2c-83600a6ac282,hector.gulgowski,hector.gulgowski@yahoo.com,e7039d757e4036225695b927f2d06a7b
19eb906d-cf3f-46cb-a207-8c9c6cb4d204,loyd.gislason,loyd.gislason@yahoo.com,386f51a7a0567966e5fac4ba9925f0e7
f3e01c4b-834c-4fff-b1f1-d8c7cbf8ae19,dannie.bartell,dannie.bartell@yahoo.com,f7697723c10987754f08262141edf9c7
3e62fb75-a8e2-463b-b58d-e9d9ad070fa7,jacinda.glover,jacinda.glover@yahoo.com,b4cb57a0ddf861d81205f33a1672b3b6
1218dc0d-ea29-4d83-bebd-d9dde4526dae,julianne.bednar,julianne.bednar@yahoo.com,be9e6926eeaebddd4625f0e820e5df60
2450ffbc-36c6-4eb0-92e5-0ccac27a3cad,ozella.treutel,ozella.treutel@yahoo.com,4de704d15ba095cb2b15a7a2f998b468
acc6dd88-6ef9-4bfc-879c-cd90776f926d,marisa.greenholt,marisa.greenholt@yahoo.com,a2891626e355a651a2ce6ef5aaa80102
db7ab3aa-2dea-42b5-8c3a-2adec641f674,bradford.hamill,bradford.hamill@yahoo.com,3864df69b0e2cb7d85586112238c1b11
dc243503-8391-401f-8ab0-629e31c95526,basil.jacobs,basil.jacobs@yahoo.com,32d6e49f1a3bd3b82be9e0c3190a41ec
4a66e61d-63ea-4b65-8d14-ebcdeb266961,benito.ritchie,benito.ritchie@yahoo.com,754e1d37336bd361f5622d88422e9428
600a1e44-61e8-4e0e-a0c5-06a3d20e5243,tatum.bailey,tatum.bailey@yahoo.com,212bfef418bcf5607b3a4725db37a98d
9e6360b9-7278-4d33-85b8-8f020f862ae0,maryland.upton,maryland.upton@yahoo.com,f8596bbb935031280ae4aab4116cf660
eebd53dc-4d3d-4b00-b73e-7da2d545069c,magdalene.weber,magdalene.weber@yahoo.com,891d9109fb52d315e36f20d4e04c550c
e7f63c94-5374-4812-84c5-10c266f99117,rayford.connelly,rayford.connelly@yahoo.com,0be2d649de1f6af03f1034588cdae275
5fb51030-8b24-43b9-9c93-b94baa8d3f76,donald.waelchi,donald.waelchi@yahoo.com,cd7741f3744d0149933c23827820ce10
66a10b92-f376-4ab4-9499-c18fb97a7f37,columbus.reynolds,columbus.reynolds@yahoo.com,c16ecdfb5db0ae854879cc66e0960cdb
f0cca77c-4490-43e6-a086-29665c471f65,dorsey.terry,dorsey.terry@yahoo.com,b283a131c341336634ee62df0de86c7a
c0ca3e88-4818-46d4-a416-985d998c183b,tad.jacobi,tad.jacobi@yahoo.com,ebbccb85caa1a046432ba1ba6a6ae7d1
3ac051f2-30c7-4322-a476-5a3719d1de9f,miesha.wisozk,miesha.wisozk@yahoo.com,076b33cca6e6387132b5ef3ee2cf4b41
4d21c1fc-8798-4c19-bb33-7eb1e402d4f8,stephen.kerluke,stephen.kerluke@yahoo.com,31e5dd19fcbbc87e11e0662e086fd25e
855bf427-bf84-4c1f-9b2e-4e88a14bfdf0,raymond.heaney,raymond.heaney@yahoo.com,961246c275645fa3f22e9a6ea4f82f99
e66d5761-1c3f-4129-af81-cef387cb130c,luis.kunde,luis.kunde@yahoo.com,b51f0bfea5450dd357e6f760b29cf737
7de4aed9-e9f8-4845-84c5-06e1f92f9df3,beckie.herman,beckie.herman@yahoo.com,6513b7fba0cd3f994632afe8d26bffcb
750f1003-5ae1-4366-8c8f-f31a33a53b7e,paris.bernhard,paris.bernhard@yahoo.com,95739faf04a9be3a6b1042e145747094
0b6f53ca-354a-44aa-9e13-72d5005d9458,hyun.dubuque,hyun.dubuque@yahoo.com,a625f12acde9648d737d9cf35cc4df79
5118b43d-a4d7-43cf-89c9-bf48ec2b7a7b,kizzie.wiza,kizzie.wiza@yahoo.com,f3d0ddf43045fb067d1ef6128b722ef1
629634c8-fb49-4b35-beef-aedeb821908e,rodrick.thiel,rodrick.thiel@yahoo.com,32fcfa78d347e8308314109a651fdb39
7270c70d-013f-401d-b2ac-4e8f723395b4,britt.brown,britt.brown@yahoo.com,771670ab2cabf122398b7cd782973c95
2b249129-7a95-43e7-b378-c28f17e92e24,jude.collier,jude.collier@yahoo.com,f2b330644c1c43b2df64c397d1ca1d19
5464dee8-6f58-4f53-b16f-c946e3b1f335,venetta.prohaska,venetta.prohaska@yahoo.com,f705aa2e4ab8b658e2d1c3549ded025d
b93fac54-a7af-4c0d-a7ad-cde6a3251e3e,irving.rippin,irving.rippin@yahoo.com,61bf78711cf9ce8b11658ecc7b4a2727
f25f17bc-41b9-4011-b46e-430e1c69e928,mellissa.predovic,mellissa.predovic@yahoo.com,abb6ab80afad55f5a8025ec4cc3d5d8d
4ec003e0-2e09-4613-a4f2-47e0405784e9,sherise.stiedemann,sherise.stiedemann@yahoo.com,76e5d377eee8176cfbebf79a9bac0905
dd716928-f890-489a-ae35-2aea034073b1,barabara.collins,barabara.collins@yahoo.com,76d7f92f61dbd7b6db02ad3143d9a5ca
4f41e360-7c25-4c8f-a6d8-70cd66ec68c7,morton.daugherty,morton.daugherty@yahoo.com,3038b76ab74fa81c4d1485f4136bb29c
525caf95-7e94-4720-9605-076bbde12ec2,raleigh.windler,raleigh.windler@yahoo.com,0fb22d3002900eb45bacae9a23baeb98
cb4c9547-15db-45b8-8c6e-85971a12202d,arlie.greenholt,arlie.greenholt@yahoo.com,1a9047ac03505972159f598fbda9e3cd
52446d33-e9cd-4530-a2cd-ac90a6d66034,aubrey.kilback,aubrey.kilback@yahoo.com,d4c80afd0ffadb8b5ca044f543b300ab
0bd80b29-23e1-4a22-b910-318e292bfb13,aja.braun,aja.braun@yahoo.com,5ad306c7c21b47196f69421a04e02edb
75440ebe-4c68-4ad9-b307-628504d660d3,wanita.herzog,wanita.herzog@yahoo.com,bd7daddd4bd35c8a7823237719026a4a
fc1614d0-b8d7-4472-8ae2-0a3bb1cdd094,marcellus.koch,marcellus.koch@yahoo.com,4d0e57c0d5c312ac47cbef849a0e51f8
e3d3d606-117f-4267-9386-01044a4dec86,lavera.towne,lavera.towne@yahoo.com,661e8e3ce9d3feaa2d05734edcf87f2b
17aec3a7-9ec1-4c89-a50c-1f3af20f0346,susann.stark,susann.stark@yahoo.com,95921656b03c9cf152e1888d21e3c195
f26544df-0d10-4873-900c-381b4d9d0a1e,terresa.auer,terresa.auer@yahoo.com,64eed99d8575abc10409db79cacf12b2
dfefd7c1-4d57-480a-bb7b-8bd758b4c32c,numbers.steuber,numbers.steuber@yahoo.com,da1c3bb9dd3cae8ac5602f89b2d357e8
825e5f64-a511-415d-baab-aa7f4f1df1d4,dalia.sipes,dalia.sipes@yahoo.com,acee58f996601b1ad9466771ad83701a
d2c56148-88be-41f3-8d3e-0c224c0165f1,anisha.donnelly,anisha.donnelly@yahoo.com,4ff1a0de1eac7d54d077efad17d5cdee
e28fd464-10cf-4457-8371-accaf116385f,jordan.wilderman,jordan.wilderman@yahoo.com,99e9cf1fe853e1893d24c407ebf34b77
feb5a2fb-4a15-4129-bfeb-c6dbedfe359a,stefania.rolfson,stefania.rolfson@yahoo.com,4bdb81bf71f16e554339906c343e1ca9
efe342b3-f4e8-4c91-b1c0-09026552bea5,opal.jacobson,opal.jacobson@yahoo.com,4fd380ac5089c2e94f6eb4a4b2c20588
5d29b904-ee74-4cac-9d9f-512f72c34fc3,virgilio.bechtelar,virgilio.bechtelar@yahoo.com,dc35388ab5bf01e2969546f313a2ae65
8b044042-c5b2-40bc-ad6a-cef52e800697,malcolm.littel,malcolm.littel@yahoo.com,d35b4c6de7ca12900a4db24673bd3682
f474c736-8c63-46c2-9e8b-f5e67b0c740c,alda.von,alda.von@yahoo.com,ef6baf8e2aca798f6f83ab28cb6431cf
d57c0a74-a445-4b2d-9e68-941f7e1240e3,janie.swaniawski,janie.swaniawski@yahoo.com,4636d96dc268c8cc3a5520c330333928
86fe6b3a-aa66-40ef-ad45-69789532fcfa,micha.kilback,micha.kilback@yahoo.com,c033cb588211b512c42399cbef31ca54
98049778-1f04-46fe-a87b-7f085c50c382,rosalyn.smith,rosalyn.smith@yahoo.com,b23c07aa9a7fe3b60a28e86f69df5c20
a684c0b4-0785-47eb-92d8-dd54c83b7dc7,lora.wisozk,lora.wisozk@yahoo.com,e18af57fba9aec216479dde49e135c6f
f149a1a6-a030-4443-919a-47c867b13043,emory.parker,emory.parker@yahoo.com,562780bc4abb091530520f61b1dc41aa
6167b209-e23c-46fc-b156-dad915d42ed6,cleveland.weimann,cleveland.weimann@yahoo.com,cd8ece3951ced21e508c673e2db6caa3
1c9e0e40-892a-4c7d-adcf-3f00fd625fcf,tamisha.grimes,tamisha.grimes@yahoo.com,d37d63c0744eab6e16e2ece95a152380
2e3baa67-a9ec-4aa1-b250-e9b6ccf05427,lavinia.barton,lavinia.barton@yahoo.com,50fdde2459fd013793420315d0407155
d7f4c255-05a8-4ff6-9a68-c047fe4d0728,dion.kessler,dion.kessler@yahoo.com,ad960d563b09a821aaba2597b139304f
55705bda-8017-4109-a7bc-765f2fd681e0,molly.klocko,molly.klocko@yahoo.com,4a8aabdabc8484752e91148396c29e41
dd4fe846-0e25-4b8a-a8ea-33b98928c2f7,junko.feest,junko.feest@yahoo.com,e8d1b02d285840c3b5bde632693c17f4
87cc374a-04d3-4015-b424-d308656d1501,willian.friesen,willian.friesen@yahoo.com,bb66b9389dd25e5baa5e820970bd8a72
e0997e6f-503c-4fc0-af8e-f24e04266578,elayne.maggio,elayne.maggio@yahoo.com,cc48f2d2fa63cc276ece716018222909
c9141e44-d9e3-43db-99c8-9f0b474a204c,nakita.weber,nakita.weber@yahoo.com,1ae88a20fb6c7f0fc15dd2221d0fb15e
74df08c6-9b47-4c1e-b82c-76b5c480a483,coy.langosh,coy.langosh@yahoo.com,1e1b3ef41dcecfff833454a9d4cbeeeb
e9139974-b827-4c1e-aa6b-3bad6d2a32b7,saul.smith,saul.smith@yahoo.com,d58a25f8efe8656788dbb02a603a27df
37881d47-a1fb-4bfb-9437-7aa715b7cd66,sung.bechtelar,sung.bechtelar@yahoo.com,185e09ddf198fedd5d5e2c9f14235ef1
e7ad8fbc-29db-484b-b26c-c21c95719dec,dee.stokes,dee.stokes@yahoo.com,555536600ee47fb48aa698cf5e6eb962
ae048014-876c-40af-8847-f8d7b81ef510,ralph.ledner,ralph.ledner@yahoo.com,a2665ce08359103305f1c3c46f6a469d
ce902520-cdb0-4caa-8dc7-45ba048ce3fa,javier.huel,javier.huel@yahoo.com,ae57f2d7b31dfa249f275a8345424973
1affa53a-7cf4-4404-8329-bb44c748c0cc,karlyn.hilpert,karlyn.hilpert@yahoo.com,1e47a44bcb31f55648df512e2dc1ff80
42b04890-8fa4-456e-b654-618e7b103e2a,delma.altenwerth,delma.altenwerth@yahoo.com,931f2901e87421f08202429b29c46133
8696e39a-bbf4-4b60-82b3-43fdce85613e,dave.vandervort,dave.vandervort@yahoo.com,d546a2bca7183580477c1ac18fa79b68
5ab5e4b0-38ce-4ad2-ab66-12ece9cb1e0b,anderson.johns,anderson.johns@yahoo.com,e3c6b2a2d2382ea4890c84c4707a147f
5dd31860-dfbd-4f75-b3d4-ec5014503549,arthur.erdman,arthur.erdman@yahoo.com,99343c5d62c4fad90ae31e427ec380f9
681d763d-afbf-4f2f-a2aa-db84e1abc228,alice.smitham,alice.smitham@yahoo.com,a1142097a1fe77f6116641808468998a
058855d1-79d9-419c-be42-debb28fcb032,joette.spencer,joette.spencer@yahoo.com,88a3756eddbdb3737a51a91591f96346
5c4e851b-bb64-4a14-ba24-75a92671b565,will.rowe,will.rowe@yahoo.com,34aa674a46652bad407ab0c00962a093
c06b1f46-35f0-4fcd-a9c4-46228514af2e,tonita.daniel,tonita.daniel@yahoo.com,586e82b49267c1933b2fe336e8710aef
94fde0b7-c67a-4a8b-998e-62bca19227ec,letty.predovic,letty.predovic@yahoo.com,ff999f276562d22aab5857b1ec2b06fa
50496ee7-13e2-40b2-a7b8-c7f3c7de8993,wiley.runolfsson,wiley.runolfsson@yahoo.com,5e6b52f1e8831d2b17b8c09049c1659a
fdedae81-982f-4095-8dd1-5e5f62366531,lemuel.yost,lemuel.yost@yahoo.com,6e5dcbd4367b06b65461cc43f1a17fca
a3bcd119-c0a8-4336-9a90-e8d0463e05e2,cecil.schmitt,cecil.schmitt@yahoo.com,81e17b1c3feb6a9adb3e0fc46ef3a030
9e39f08b-238c-4227-bb85-b12acd92c3b9,odell.orn,odell.orn@yahoo.com,97dab5c8437d3065c378e7a2fad21461
33a7196a-e5df-4a2d-bc5a-5d36125d853b,jeremy.dubuque,jeremy.dubuque@yahoo.com,a81902aee4bfab836fa964ef421b6bf4
bce9d5d7-904a-47d0-9a5a-2bb0b2ce5f30,natisha.stamm,natisha.stamm@yahoo.com,6efc3247d69b1b90a4abe2838949a6e2
82b2692b-63b2-4da5-8162-3911c34a2437,karlene.schroeder,karlene.schroeder@yahoo.com,e6fe3a7b6ade2b859ff4acae0f1f6a9b
e929433a-b341-4972-8391-6069eb5aa51a,isaac.flatley,isaac.flatley@yahoo.com,e03decbef144aef1d2c3d2bdc1d8c48a
e6fa6849-e33d-49af-8571-57a9e2efb458,jeff.fahey,jeff.fahey@yahoo.com,9f2eb1e3258cd649d22d296371c9a653
fd4a9c78-ada2-4d8f-9291-342e350bb62f,shelton.bernhard,shelton.bernhard@yahoo.com,f19af7f28ddf3f6c8c6eb111b4a7b980
1481c73b-e10a-4dcd-ae90-04e8e53cc12f,carisa.brekke,carisa.brekke@yahoo.com,bdeff0527c2cef4771ea5c03de672a6e
bea7bb53-dbfb-4698-b280-c8a0bb67070d,emmanuel.glover,emmanuel.glover@yahoo.com,198a040894aa47d7f5ecddeda6a0831d
ca70b251-d213-4d8e-a785-f1504b7c0539,rolf.hackett,rolf.hackett@yahoo.com,a7b532c06f36691fb716b6ea24d4aa44
4554ce8a-96e0-49e5-bd68-4544203d9e47,rodolfo.wintheiser,rodolfo.wintheiser@yahoo.com,1fef0ca143057fd345e170a6b10c67e2
71af454a-58e2-456f-be9a-a966ee9be960,alexander.roob,alexander.roob@yahoo.com,aa8bd157b1bdd848f834ad2ab02cb686
b9946f97-a725-44ba-9010-d6014859485c,gene.harvey,gene.harvey@yahoo.com,cd7c3c03214e573dd2b49d81ab29b202
1846cdac-cc0b-4822-b749-2badf4672d4e,scot.jerde,scot.jerde@yahoo.com,b70e4cc804449a9d1ab2dad7558c2f7d
87a937a9-88eb-4c22-a511-58a8b5bac1b8,billy.romaguera,billy.romaguera@yahoo.com,10fa0ff2ea99a161a94dd0286ed99e26
32ab7bb7-c77c-4f1a-8c28-56817c367aaf,ed.mcglynn,ed.mcglynn@yahoo.com,98e6217d8389b2dc9e44a72a55ce4c45
88fb38a5-4f1b-4ad3-b31a-e33b60dbff49,verdie.moen,verdie.moen@yahoo.com,463ec69e6958481a280f32d8dc1d68e6
9ce79b24-b226-48a8-953c-2c502d6c81eb,kacy.bartell,kacy.bartell@yahoo.com,353c8eaf93cf5c4ae85a276806074b1d
a78ef71e-2d09-4be9-bc1b-36fcabf3b914,olen.marks,olen.marks@yahoo.com,c9d496e5b515b0c9477a90fd5ad24ead
30babc7f-0bf9-4728-9e87-e9cee4ab887b,cristobal.monahan,cristobal.monahan@yahoo.com,2fab57f2a122d2633726b26100dba801
d15ea8f5-fa1f-42ee-aee6-4d4e12249fd4,dean.hyatt,dean.hyatt@yahoo.com,c773eae64155f90a73b64ccffe2ed280
6dae9fd3-0be3-4fce-9a12-665b5058f976,jennine.gottlieb,jennine.gottlieb@yahoo.com,4294da6f2521987492b108605ae735b2
fc104c4b-df02-4419-9a5f-8aa5f109aaa1,yetta.jacobs,yetta.jacobs@yahoo.com,dba37bc4fc22433308caa13057673059
24fbb37c-6b01-4380-87db-3b6cd75b8f4b,elwanda.gibson,elwanda.gibson@yahoo.com,1aabcb709bb793a83a0de672fc87e777
f96918dd-87b8-4d67-887a-4a363d0bd46d,tanisha.oberbrunner,tanisha.oberbrunner@yahoo.com,95abf558d65f3346e1f34eb0d204abe5
8f04f2b9-ac85-41e5-8961-8e5c1b907dd7,herbert.kertzmann,herbert.kertzmann@yahoo.com,048337ae9ccb66ef74dfc43865030479
642b69b7-123f-4ece-966f-05dd9da48457,mozelle.schimmel,mozelle.schimmel@yahoo.com,3b729df96168817d9a3dbcdbd2be9921
9b493f1e-4f9d-4de4-b7ac-a7f5d599932c,milda.boyle,milda.boyle@yahoo.com,ce1ba027166d58644c3a5b4e97cdc307
bf63f50a-9ab0-4390-8755-dc543059fe27,dulce.mueller,dulce.mueller@yahoo.com,4bf21bffbd47d42a253876a795060035
60fb9744-d18a-4051-8f6e-dbbaeec8f481,pat.stoltenberg,pat.stoltenberg@yahoo.com,00e8574a28c84d652896cfd22a09057d
4eb79691-4706-436e-9986-94e544574807,alden.beahan,alden.beahan@yahoo.com,eb3e995b57dc72fac83ff765ed28064b
8d129442-35d7-4b5f-a22f-e91258d9d77b,felicitas.mayer,felicitas.mayer@yahoo.com,63bb28d8683127857fea6cb8f48bf923
6e2c1ef6-946c-4eda-986d-9c540ee3447a,dorinda.thiel,dorinda.thiel@yahoo.com,619ca758a0eb9421fdcc2dff92df1be2
b24177f2-c63e-4802-8ad2-b30a103fc0a0,justin.jaskolski,justin.jaskolski@yahoo.com,e2ae0d893d50f3751419a6eca6cd8371
be2c9115-618a-4946-b105-8677d8423f48,jordan.rowe,jordan.rowe@yahoo.com,8ef3ef39b4ad75271e1ee97d4a59688f
27823390-d70a-441b-b9c5-8f03c4e3d38c,georgiana.walter,georgiana.walter@yahoo.com,3b46d0f37d51e0e81f993d3339e41f1a
492e57d4-349f-48ad-b500-c7defa4de819,rusty.kihn,rusty.kihn@yahoo.com,704b600dc733585e24d0aecab3bb57ed
f77a54eb-cb2b-43db-8f8a-13a4f435de32,katharina.baumbach,katharina.baumbach@yahoo.com,3fff904a4cb700a4f9c6bab085ac4f47
9512e725-59a6-46b5-a408-7fcbe5fdf90c,amanda.padberg,amanda.padberg@yahoo.com,e46b0268cf8cc2cfaa725dc018276505
29669b71-030e-49e8-8a56-f7343941d603,domenic.cormier,domenic.cormier@yahoo.com,84dbc4df24480d8b0fe9968201c3f18e
5f08ccd0-8c1c-47b1-afb0-15c335f1702e,latashia.jones,latashia.jones@yahoo.com,f637b85600c9cef29ed565bb6520ba6b
639ac211-a74d-40e2-b875-1f0977245ce5,josef.mertz,josef.mertz@yahoo.com,492d564e5612b5484696343d39512ddc
35820873-d0a1-47db-aebb-91dbd4f219f6,coral.swaniawski,coral.swaniawski@yahoo.com,d259128fa1c557b857d633332912ba10
3df87755-e9d2-4202-9dad-896cd4ca8db4,ute.collins,ute.collins@yahoo.com,4450a6d6149503b947857c8162ddb47a
4d0b13d6-a1d5-4f94-8736-22acbad6e29d,darryl.macejkovic,darryl.macejkovic@yahoo.com,c9563ca2e9770aea3847f4bc16a49242
3e2770dc-002f-4d57-8ae3-86bb7202e3b9,theda.mayer,theda.mayer@yahoo.com,3cc88212dba0af225d8d9853c95d7931
bf2a78a3-a0c4-466b-84e0-b6da9b4d9515,jae.bergnaum,jae.bergnaum@yahoo.com,7ba1aa3c842a093f58aab58c44a40f7c
614f321c-edc5-4f05-b44d-0718641760b9,dia.pouros,dia.pouros@yahoo.com,cd4147b4d4bd8c9c6586d1b9fdb1bbc7
fca57224-84be-4817-bf89-5ac0df8f2b50,adrian.stamm,adrian.stamm@yahoo.com,68a806b27df3b59fff49392a982533bd
fe27758e-5ce3-4c9b-85ab-a1317aad69b2,marquis.hirthe,marquis.hirthe@yahoo.com,c97d166544916f43ebdfdb7e2b3bce2d
2e371582-c770-4dc9-84a2-6cf6f4344dbc,tandy.luettgen,tandy.luettgen@yahoo.com,78520e7fb99550625449ab089a446862
f7b063ea-882a-4f24-968c-d99a5816ec15,karan.anderson,karan.anderson@yahoo.com,7d7103763ac5e799adc3c9e5538d5904
d652ec31-4439-4785-a997-ab80e8b4604b,rosamaria.brekke,rosamaria.brekke@yahoo.com,cab21885e0100fc2dac8112f156ad843
7642e2ba-7cff-4573-b28a-315e1dff9d72,lanny.thompson,lanny.thompson@yahoo.com,cbd3bac766f4c543c010e5e2701d5200
c4331aa5-fbc7-4c6e-8f49-5190e317d3f4,tabetha.harvey,tabetha.harvey@yahoo.com,2e20796a5f5381c2de871c8a9954ac34
5b35034c-a80c-4804-bc95-f438afc22b13,robin.toy,robin.toy@yahoo.com,37c364942ab27586c85fb07e21d25931
941865d1-b8ce-4aaa-b233-6a17f3a4a02b,lacy.mertz,lacy.mertz@yahoo.com,943f0773780a4814bdfa47d268038c5d
12dd7fb0-e0e9-4016-9091-6d291c3352e6,justin.gibson,justin.gibson@yahoo.com,1f3a5635a3f0d4d4202055edbf00dc31
33c200df-7d82-45ad-af10-39a53a61f4f2,chas.barrows,chas.barrows@yahoo.com,9e43cf916909541ca0bafeb360d6889f
8f95e655-5f8c-462b-8dd6-438ed8d097aa,felipa.cassin,felipa.cassin@yahoo.com,1ad224622164953033a21f400a8fa9b9
22219d94-55cd-4fe0-ab35-9f2be833882b,royal.gleason,royal.gleason@yahoo.com,b93992f9aa0647f125b57e8747f0c5fe
d74e16f9-b518-4de8-8b7a-f9eed8a3dcb8,corey.kertzmann,corey.kertzmann@yahoo.com,be72e12e66729471a8624f3f4d783524
2a6f3928-a233-489c-95b7-07b9a7b7609c,sherrill.rempel,sherrill.rempel@yahoo.com,1671858bae1e5c53c6e1520326a55865
b0179237-d5cd-46bf-9b8c-aa7960c861b7,earl.pfeffer,earl.pfeffer@yahoo.com,709dae6d64c2cfcd5cd1a336b981ef9f
4c4cd513-45bb-4314-8334-f41455d1e9e5,andre.spencer,andre.spencer@yahoo.com,4c53d87ce859b4fda085f85a402def9a
8d199ea6-b528-4677-b77b-7e9d61f75401,johnnie.konopelski,johnnie.konopelski@yahoo.com,8ecbf055dd02b399dae22bf3d90d9920
b6d86dae-2135-4499-b1f3-f9cc99b0703e,dewitt.connelly,dewitt.connelly@yahoo.com,40bf8768239cb9abd526793dc4a7c63e
c92149cd-c892-4a1a-9d0a-53f673e9f369,tiffanie.oberbrunner,tiffanie.oberbrunner@yahoo.com,be37159f7d91de8393e1d1b556da5c12
4bde037d-aae0-47f3-b668-9c19c2d60c3f,reginia.nitzsche,reginia.nitzsche@yahoo.com,36b64698f1c823d339a4bb4614888434
b59c2960-8a71-4fc8-bb59-04fd7a0a36f4,parker.predovic,parker.predovic@yahoo.com,86abe33ac0a76eb86c61a559570bd85d
5fac1564-498c-4711-bfd4-ea16b505b61e,thurman.will,thurman.will@yahoo.com,e74a87f5a9eb2659cd0d552fd4bcfc10
d6000961-43df-4c76-b5fa-1062aa13b56f,gino.nicolas,gino.nicolas@yahoo.com,11b9e4ec45630538b3c442439a0403a5
da670af2-fe89-471c-928d-4f599eede93d,newton.corkery,newton.corkery@yahoo.com,a67daaf29d3e6ac959323dbcaf1fc68c
9566601c-03c4-4434-a13b-d15a2814ab34,donnell.hickle,donnell.hickle@yahoo.com,2cd4f9af80b93732d039239d50bde00d
8916c48d-8091-437d-afca-088c9583b761,cheryl.beier,cheryl.beier@yahoo.com,1102df23a87ea376cab66a5181413f60
6e5beb65-f488-439a-b29e-e999f39ef904,santa.kirlin,santa.kirlin@yahoo.com,b31c7b08bd95746e3db46634590f0019
df0d61fd-09c5-4ec2-b5c1-daf97ccb5f9e,kathyrn.lueilwitz,kathyrn.lueilwitz@yahoo.com,12e3baa0b4eb670a9d405e46000924f1
4b138ff5-dad8-44be-ba47-6a99dcc31f6a,ronny.gislason,ronny.gislason@yahoo.com,d33e884923c3bb925fc3505bc3fecd38
611284f2-3e83-4c04-ab89-62f1c51a3191,magali.muller,magali.muller@yahoo.com,43b412b82ed83ba4b0529739fd36ce79
2b92388b-8ad6-43c5-ba19-8b7b619d5531,felix.kreiger,felix.kreiger@yahoo.com,dcacb0cae741654c943100ef043cb4c0
3ce12329-cb0c-4528-879e-eb4c0f17a2bc,nakesha.hodkiewicz,nakesha.hodkiewicz@yahoo.com,b9be79aceae60976060fa245cac2498a
5be0e9e9-ac1d-493a-8ab9-c12dc0455216,sid.block,sid.block@yahoo.com,0a4d7705d3db11af35ad33e0591ebfbe
e10b4b31-5670-4b5b-b941-dd2b3f06047c,connie.daniel,connie.daniel@yahoo.com,e1d7cd599b0ea94969650becbed6a618
0b8ce8cd-38f2-4db4-82dd-291c945304d0,alfred.harber,alfred.harber@yahoo.com,1ecd80ae69ffbc77a6b95c69de73a30c
c3b3766e-3474-46e8-b766-534280ee9565,christeen.murazik,christeen.murazik@yahoo.com,fd143aba1f385704d3d8b01f28cbc494
17bd9083-60df-4a6d-b078-0bdaf764f546,david.koepp,david.koepp@yahoo.com,078811314c866e14a544a9ca1e1e729c
ccef1faf-b62d-42e0-8250-e088c0f2e9be,renata.mckenzie,renata.mckenzie@yahoo.com,07dcab7aedb20b632542cad9ba7b4507
cd559cdf-4fbc-4234-bb7e-9196d08159f4,tad.bosco,tad.bosco@yahoo.com,66fcc2bf96f409b23df289884fe061d3
8895c461-d535-4302-adaa-37e41fdd8e4b,chas.hermiston,chas.hermiston@yahoo.com,882d0731bcae639c3f733913aae2f79b
65b1b806-320c-4bd9-a18e-6ee7e1c364c0,lloyd.nader,lloyd.nader@yahoo.com,4ccbf9321491785750e458c0dcb2d625
932a648a-f1e1-453e-8210-e50389161743,kandice.feeney,kandice.feeney@yahoo.com,f87bd704b71fc41efbb847a8b7f40aa4
72243bab-bda4-4309-aaf4-f420d565ad55,stephan.hilpert,stephan.hilpert@yahoo.com,d429c7ba7aea2ea5f80dffd5a9ecba43
24080ffa-ae8d-45fb-9591-91b33c0a6ba5,kim.grant,kim.grant@yahoo.com,6931a626ea58b7739ceccf0cc7d6e043
76f9ce58-1647-4ce0-b600-af38811a2001,neil.fahey,neil.fahey@yahoo.com,8b757c7dc6691067dc820ba2be7869be
1514cac1-1d30-4d16-b03d-eb33ae4b9721,freida.stamm,freida.stamm@yahoo.com,8f42cfbf8da4ebdfaa6797ea2f5ef445
